民宿标题,价格,地利,评论数,得分,适合居住人数
唯家WE+新青年公寓绿墙三人间,135,近烟厂地铁站,112,4.9,3
【旅途】网红INS风/投影/邻中央大街,159,近哈尔滨西站地铁站,110,4.8,2
哈西站，哈西万达，布达佩斯奇妙大床房,188,None,59,4.8,2
【恋家】中央大街/索菲亚教堂,195,近烟厂地铁站,35,5.0,4
步行一分钟到达中央大街豪华大床房,166,近博物馆地铁站,257,4.8,2
【Flat White 馥芮白7】百寸投影-楼下索菲亚教堂-300米中央大街,319,None,3,5.0,4
【遨游】哈尔滨冰城公寓中央大街店中央大街步行街/索菲亚大教堂/防洪纪念塔两情相悦主题房,190,近博物馆地铁站,4,4.9,2
近3号线近商圈貂熊民宿馆,202,None,9,5.0,4
哈尔滨奥格快捷民宿哈尔滨西站/哈西万达广场舒适大床房,134,近哈尔滨大街地铁站,16,4.5,2
【Blue Moon】中央大街/索菲亚教堂/冰雪大世界/中华巴洛克/中东铁路桥【智控・零压大床】,225,None,2,5.0,4
【丰光江景61风情】中央大街-松花江畔-网红桥-索菲亚-巴洛克-德云社-落地窗-直观江-VIP百寸投影,298,None,3,5.0,3
乔居●酌酒│哈西万达│哈西站│投影│自助入住│大一居可住三人,207,None,2,5.0,3
【旅途】群力/投影/北欧三人/邻中央大街,169,近哈尔滨西站地铁站,43,4.9,3
【Snow 61智控・零压大床・可做饭】中央大街/索菲亚教堂/冰雪大世界/中华巴洛克/中东铁路/哈一中,233,近博物馆地铁站,10,4.9,3
中央大街/巴洛克/投影麻将现代舒适三居室,685,近烟厂地铁站,10,4.9,6
【夏日空调冷气房】中式禅意城市净地,147,None,5,5.0,2
大盛日租公寓(哈尔滨哈西店)哈尔滨西站/哈西万达广场温馨大床房,134,近哈尔滨大街地铁站,179,4.5,2
月租优惠东大直街辽阳街维家公寓温馨大床房,143,近医大一院地铁站,84,4.9,2
溪岸艺墅20层观景大床房，纵观湿地公园，冰雪大世界，王府井关东古巷,169,None,4,5.0,2
【禅意】百盛楼上落地明窗影院房,185,None,3,5.0,2
瑷度公寓(哈尔滨中央大街店)中央大街步行街/索菲亚大教堂/防洪纪念塔特惠大床房,126,近博物馆地铁站,20,4.6,2
唯家WE+新青年公寓1.8米宽床,126,近烟厂地铁站,34,4.9,2
临果戈里大街俄式洋房（大床）/尚品民宿,178,None,7,5.0,2
中央大街两室一厅精装家庭房,248,近博物馆地铁站,21,4.9,4
中央大街星宇公寓家庭四人房,228,近博物馆地铁站,62,4.5,4
火车站索菲亚教堂中央大街经典公寓,214,近铁路局地铁站,15,4.9,3
枫栖民宿3.观江61中央大街61索菲亚,238,近烟厂地铁站,6,4.9,2
唯家WE+新青年公寓1.5米宽床,118,近医大一院地铁站,38,4.9,2
【橙途】会展/龙塔/红博公园/复式一居,189,None,123,4.9,3
群力绿野倾奢大床房（群力.远大.王府井）,178,近哈尔滨西站地铁站,13,5.0,2
群力绿野倾奢大床房（群力.远大.王府井）,178,近哈尔滨西站地铁站,13,5.0,2
【忆宿家】兑换春天～投影电梯哈达,188,None,5,5.0,4
唯家WE+新青年公寓蓝墙三人间,135,近烟厂地铁站,38,4.7,3
ins风格大床房，近凯德广场，师大夜市，理工大学,148,None,2,5.0,2
【筑眠】万象汇/融创乐园亲子舒适复式两居,309,近江北太阳岛冰雪大世界/万达旅游城/市政府商圈,10,5.0,3
溪岸艺墅，观景大床房房，纵观群力,169,None,14,4.8,2
遇见民宿~中央大街店,214,近博物馆地铁站,29,5.0,2
温馨大床房,169,None,4,5.0,2
【橙途】哈理工/黑大林大/哈师大现代一居,185,None,3,4.9,4
【创客】群力三中/远大/精品大床房,152,近哈尔滨西站地铁站,106,5.0,2
中央大街旁、观江、巨幕投影【悠悠】网红桥,219,近烟厂地铁站,2,5.0,2
【旅途】日式榻榻米家庭套房/邻中央大街,189,近哈尔滨西站地铁站,49,4.8,4
回家公寓，豪华家庭套房,228,近理工大学地铁站,4,5.0,4
群力外滩豪华家庭6人套房（近中央大街）,379,近哈尔滨西站地铁站,43,4.7,6
【Yellow 61智控・零压大床・可做饭】中央大街/索菲亚教堂/冰雪大世界/中华巴洛克/中东铁路桥,205,近博物馆地铁站,10,4.8,2
乔居61之禾|哈尔滨西站|西客站|哈西万达|红场宜家|华润置地公馆Loft两居室,307,None,4,5.0,4
【冰雪奇缘】中央大街 索菲亚教堂 冰雪大世界 哈站温馨双床房,190,近博物馆地铁站,133,5.0,4
【橙途】哈西站/哈西万达广场/温馨两居,244,None,6,5.0,4
  日式风  浪漫樱花 百寸电动投影,110,None,1,5.0,2
【素描】北欧榻榻米一居/36中/临近顾乡凯德,141,近和兴路地铁站,9,4.7,2
工程大学+整套大宅Loft复式+近地铁1号线+商圈+一公里六大景点,229,None,12,5.0,4
『由己丶』中央大街江畔网红桥索菲亚三居,412,近烟厂地铁站,18,5.0,6
【忆青春1】3楼正规两居室～楼下中央大街～索菲亚教堂～机场巴士直达～,388,近博物馆地铁站,97,5.0,4
【双鱼】近冰雪大世界/融创滑雪场/枫叶小镇/大剧院/虎园/私人影院/百寸投影设备,147,None,2,5.0,2
安心小筑|中央大街50米/近儿童医院/马迭尔3分钟/二楼三床/可做简餐/免费停车/有偿接送机,205,近博物馆地铁站,23,5.0,4
【橙途】万象汇/冰雪大世界/复式网红两居,217,None,14,4.8,3
[夏.雪]江畔戎庭观江大套房 中央大街步行街 冰雪大世界 防洪纪念塔 太阳岛 儿童医院 网红桥,304,None,5,5.0,4
【念】索菲亚教堂&哈站&中央大街（无空调，有风扇）,253,近博物馆地铁站,32,5.0,6
北欧绿色田园小屋，豪华一室一厅近师大夜市,216,None,2,5.0,4
榻榻米主题房,148,None,1,5.0,2
『欣家61哈西61原宿』下楼即是哈西万达广场哈西客站  西城红场 宜家 理工 黑大 医大二院 品质大两居,378,近哈尔滨大街地铁站,8,5.0,4
哈尔滨和悦公寓哈尔滨西站/哈西万达广场公寓大床房,136,近哈尔滨大街地铁站,44,4.7,2
徒行陌客北欧音乐公寓,118,近江北大学城,22,5.0,2
百盛楼上法式风格观景房工程大学地铁一号线,185,近太平桥地铁站,9,5.0,2
〔皓V〕鹿野仙踪/电梯房百寸投影可做饭/地铁口一环内/近医大一院/工程大学/秋林公司/索菲亚机场大巴,168,近烟厂地铁站,24,4.8,2
『欣家61中央大街61网红』中央大街 圣・索菲亚大教堂  防洪纪念塔 哈尔滨站 医大四院 温馨两居可长租,406,近博物馆地铁站,37,5.0,4
【寒舍・我有一间房②】观江步行中央大街,233,近烟厂地铁站,2,5.0,2
经典公寓(哈尔滨群力君康大厦店)群力外滩休闲文化区特惠大床房,151,近哈尔滨西站地铁站,109,4.9,2
【汐61舍】百寸投影 中央大街/索菲亚/防洪纪念塔/儿童医院/商圈,178,None,5,5.0,2
中央大街｜索菲亚教堂【冰屿】塞纳河畔的春水～设计感超强的家～超大浴缸拍照绝美,341,None,6,5.0,2
【初见公寓】商务豪华超大床房，中央空调,219,近理工大学地铁站,29,4.9,2
【樱花】和风日式近哈西站万达红场地铁站,206,None,11,4.8,2
【沐泽.Gj】漫步云端江景房/摩洛哥洞穴/双人浴缸/百寸巨幕/索菲亚,354,None,1,4.8,2
[夏.雪]近景观江小房 江畔戎庭 中央大街步行街 冰雪大世界 索菲亚教堂 儿童医院 过江索道 网红桥,178,None,1,5.0,2
哈尔滨舒太酒店式公寓群力外滩休闲文化区豪华大床房,154,None,3,5.0,2
溪岸艺墅巨幕机米投影观景大床房大床房,179,None,9,5.0,2
〔皓V〕念念不忘/地铁口高格调复古巨幕影城/南岗一环里/地铁口/高层电梯/近医大一院中央大街工程大学,197,近烟厂地铁站,16,5.0,2
随安・随遇而安。一间有秋千，有大幕投影的温馨小屋。距离中央大街200米。方便抵达冰雪大世界及雪乡,220,None,1,4.3,4
【四季・春念】俯瞰索菲亚・中Y大街・网红桥・日式美学骷欧纭に匮乓帐跗帷ぷ噬堂洗护・可住4人・可做饭,324,None,2,5.0,2
[忆61宿家]复兴之路～近中央大街～大3居,406,近博物馆地铁站,30,4.8,8
米多家民宿 学院路 伸马托斯卡纳两室一厅,161,近江北大学城,4,5.0,4
【至美・ 06】冰雪大世界，中央大街 圣索菲亚大教堂 麦凯乐 哈一百 松花江网红桥 防洪纪念塔 大床,169,None,4,4.6,2
学院路-冰雪大世界网红北欧风-百寸投影房,128,近江北大学城,41,5.0,2
哈西站，哈西万达，斯里兰卡浪漫大床房,188,None,3,5.0,2
【Honey 61智控・投屏・零压大床・可做饭】龙塔电视台/万达广场/湘江公园/民航大厦/省医院省政府,186,近博物馆地铁站,4,5.0,2
【橙途】哈尔滨东站/会展中心/时尚一居,174,None,94,4.9,2
学院路/冰雪大世界/太阳岛/火烈鸟一居室,108,近江北大学城,44,4.9,2
中央大街干净温馨无线淋浴可做饭,128,近博物馆地铁站,13,4.5,2
中央大街公寓温馨双床房,211,近博物馆地铁站,111,4.7,4
寓言｜江北商业大学旁 北欧风格,158,近江北太阳岛冰雪大世界/万达旅游城/市政府商圈,4,4.5,2
哈尔滨哈西如家公寓大床房,149,近哈尔滨大街地铁站,43,4.8,2
【甜橙】哈西万达美式田园loft,188,近哈尔滨大街地铁站,3,5.0,2
地铁沿线豪华精装公寓出租,148,近哈南站地铁站,12,4.8,3
[忆宿家]物华天宝 ～三居投影手码麻将,454,近学府路地铁站,9,5.0,8
豪华套房,158,近江北大学城,5,5.0,4
中华巴洛克道外长途汽车站旁简约风温馨私享,129,None,4,4.5,2
冰雪大世界北欧ins高端大床房,178,近江北太阳岛冰雪大世界/万达旅游城/市政府商圈,12,5.0,2
【遨游】哈尔滨冰城公寓中央大街店中央大街步行街/索菲亚大教堂/防洪纪念塔浪漫圆床房,171,近博物馆地铁站,13,4.9,2
【丰光江景・陆号房】观江落地窗/百寸高清投影/中央大街/索菲亚教堂/德云社/网红桥/老道外美食巴洛克,328,近烟厂地铁站,11,4.9,2
【景观飘窗・可做饭】龙塔电视台/万达广场/湘江公园/民航大厦/省医院/省政府/哈体院/哈体院/中法,176,近博物馆地铁站,48,4.4,2
芒果公寓式酒店(哈尔滨中央大街店)中央大街步行街/索菲亚大教堂/防洪纪念塔大床房,127,近博物馆地铁站,525,4.5,2
倪先生的家凯旋广场林业大学花悦迷你大床房,160,近理工大学地铁站,5,5.0,2
冰雪大世界北欧ins商务双床房,206,近江北太阳岛冰雪大世界/万达旅游城/市政府商圈,6,4.4,4
【旅途】群力/粉红少女/投影/邻中央大街,159,近哈尔滨西站地铁站,83,4.9,2
中央大街美人鱼公寓舒适大床房,125,近博物馆地铁站,73,4.8,2
【拾光里】私享影院套房/百盛购物中心/地铁一号线/工程大学,227,近太平桥地铁站,9,5.0,4
零压房 晨曦 简爱 索菲亚中央大街巴洛克热门景点步行即可，体验哈尔滨风情，入住晨曦民宿，近商圈近医院,354,None,8,5.0,2
心静摩洛哥百寸投影,93,None,1,5.0,2
【冰雪之爱】观江房 松花江畔 高清投影,199,近烟厂地铁站,4,5.0,3
近商圈附近温馨蜗居,157,None,1,5.0,2
哈尔滨会展中心激光投影，双人按摩浴缸，汗蒸房，智能家居一居室,426,None,2,5.0,2
【Flat White61馥芮白8】ins风 /浴缸/日落灯/索菲亚教堂旁/百寸投影/中央大街/哈站,262,None,2,5.0,2
【简居～双子座】简约/性价比高/地理位置优越/中央大街/圣索菲亚大教堂/防洪纪念塔/曼哈顿/透笼国际,198,None,2,4.9,3
【旅途】绿野轻奢/大床/投影/邻中央大街,159,近哈尔滨西站地铁站,144,4.8,2
近商圈近医院落地窗，地铁口，交通便利，成熟社区,133,近医大二院地铁站,2,5.0,2
【丰光江景・伍号房】日式清新风/观江落地窗/高清投影/中央大街/索菲亚教堂/美食巴洛克/江畔公园,328,近烟厂地铁站,22,5.0,2
飞奔向你一居公寓，学府凯德，师大夜市,156,近理工大学地铁站,24,4.9,2
【鑫顺居-贰】百寸高清投影/榻榻米/中央大街/索菲亚教堂/网红桥/德云社/中华美食巴洛克/下楼松花江,245,None,2,5.0,2
【果上果】洞穴民宿，中央大街索菲亚,372,None,4,5.0,2
【至美 冰雪奇缘】波塞冬水世界俯瞰融创主题乐园 临冰雪大世界 太阳岛 中央大街，索菲亚教堂，大四室 ,423,None,4,4.4,8
【Moment・片刻】紧邻松花江，高层90平米正规大两居，楼下即斯大林公园，步行可达核心商圈。,480,近博物馆地铁站,5,4.9,4
紧邻中央大街索菲亚教堂大床查令街84号,215,近博物馆地铁站,73,4.9,4
学院路冰雪大世界 太阳岛 私人影院吊床风,148,近江北大学城,21,4.7,2
哈尔滨爱达公寓哈尔滨西站/哈西万达广场家庭房,146,近哈尔滨大街地铁站,6,4.6,4
【微原宿】网红秋千床（摇床）~汉服体验~,220,近医大一院地铁站,58,4.9,2
『暖窝261港式轻奢』江景观江/中央大街/索菲亚教堂/网红桥打卡/海洋球泡泡椅/斯大林公园,498,近烟厂地铁站,39,5.0,4
【橙途】中 央大街/儿童医院/江畔一居,189,None,2,5.0,2
拾光 中央大街防洪纪念塔索菲亚教堂,198,近医大一院地铁站,15,5.0,2
【橙途】博物馆/果戈里/医大一/清新一居,173,None,50,5.0,2
哈西站/万达广场/工业主题影院公寓,288,None,4,5.0,2
莓野原乡61地铁 万达 医大二院 两室五人间,240,近哈尔滨大街地铁站,26,4.8,5
【种种】洞穴民宿|中央大街|索菲亚,396,None,6,5.0,3
近3号线近商圈温馨私享私人影院/投影设备。榻榻米大床房。,168,None,1,5.0,2
溪岸艺墅观景投影大床房，纵观群力公园王府井关东古巷,159,None,3,5.0,2
【野61莉】日租月租中央大街/温馨私享一居,172,None,4,5.0,2
【橙途】博物馆/果戈里/医大一/清新一居,173,None,50,5.0,2
蒂凡尼早餐中央大街太阳岛2居6,286,近医大一院地铁站,21,4.7,6
西客站 loft独立整套公寓 冬雪の宿 ,318,近哈尔滨西站地铁站,23,4.9,4
中央大街，松花江畔，中东铁路桥，索菲亚教堂，中华巴洛克步行街，儿童医院，医大一院，观江两局室麻将房,374,近烟厂地铁站,15,4.9,8
三分钟到中央大街豪华两室一厅六人间电梯,286,近博物馆地铁站,84,4.7,6
哈尔滨唐唐公寓江南大学城特惠精品房,143,近理工大学地铁站,6,5.0,2
莓野原乡61地铁 万达 医大二院 两室五人间,240,近哈尔滨大街地铁站,26,4.8,5
南极国际中式两居花园小院,251,None,8,5.0,4
【茶颜悦色】新中式/可开发票/喝茶做饭/中央大街/索菲亚教堂/防洪纪念塔/斯卡拉/太阳岛/冰雪大世界,373,None,19,4.9,4
学院路冰雪大世界 太阳岛 私人影院吊床风,148,近江北大学城,21,4.7,2
【野61莉】中央大街/索菲亚/通透大二居,434,近烟厂地铁站,9,4.9,6
哈尔滨华盈民宿龙塔/国际会展中心普通大床房,123,近烟厂地铁站,8,5.0,2
【禅林竹海】新中式/可开发票/喝茶/做饭/麻将房/中央大街/索菲亚教堂/防洪纪念塔/斯卡拉/松花江,365,None,13,4.9,4
哈西站-万达广场-景观野奢投影大床房,280,近哈尔滨大街地铁站,163,5.0,2
【忆.宿家】书香苑.温馨两居.近杉杉奥莱,321,近江北大学城,52,4.9,6
三分钟到中央大街豪华两室一厅六人间电梯,286,近博物馆地铁站,84,4.7,6
中央大街豪华两室一厅,268,近博物馆地铁站,19,4.8,4
西客站 loft独立整套公寓 冬雪の宿 ,318,近哈尔滨西站地铁站,23,4.9,4
哈西站/哈西万达/哈西中心点精品loft,216,近哈尔滨大街地铁站,101,5.0,2
豪华双床房可住四人,192,近博物馆地铁站,10,4.7,4
近机场精品商务大床房（24小时免费接送机）,121,近太平国际机场,29,4.9,2
群力轻奢大床房（群力远大 王府井）,178,近哈尔滨西站地铁站,32,4.8,2
『暖窝661仙女ins』纯白主题/远大/王府井/太阳岛/音乐工厂/冰雪大世界/近哈西/近中央大街,238,近哈尔滨西站地铁站,8,5.0,2
【龙塔全景61智控・零压大床・可做饭】龙塔电视台/万达广场/湘江公园/民航大厦/省医院/省政府/哈体院,178,近博物馆地铁站,16,4.7,2
豪华江景麻将套房/中央大街/索菲亚/,288,近博物馆地铁站,7,5.0,4
南极国际中式两居花园小院,251,None,8,5.0,4
【汐悦】索菲亚61圣托里尼-已消毒/大街百米内/俯瞰索菲亚/双人浴缸/投影/洞穴风日落灯拍照零死角,419,None,2,4.8,2
学院路/冰雪大世界/太阳岛/现代简约投影,118,近江北大学城,12,4.7,2
哈西站，哈西万达，枫丹白露轻奢大床房,188,None,4,5.0,2
索菲亚教堂舒适的四人间,198,近博物馆地铁站,107,4.7,4
【情书】可布置生日节日惊喜 中央大街/索菲亚 百寸投影 提供空调 冬季地暖 海洋球主题  无清洁费,216,近博物馆地铁站,9,5.0,2
【禅林竹海】新中式/可开发票/喝茶/做饭/麻将房/中央大街/索菲亚教堂/防洪纪念塔/斯卡拉/松花江,365,None,13,4.9,4
近金融学院德强学校欧式精装修花园园林景观整套三居大客厅,294,None,4,5.0,5
｛艺凡61想你｝下楼网红桥、中央大街、江景房、洁癖房东、极米百寸投影、哈站、教堂、马迭尔、德云社、停车,238,近烟厂地铁站,22,5.0,2
近3号线近商圈温馨私享私人影院/投影设备。全筒滑梯，百寸投影大床房，哈西万达。,238,None,2,5.0,3
哈尔滨观江精品民宿群力外滩休闲文化区一室大床房,152,None,2,5.0,2
 美居公寓 简约北欧风16* 大床房,140,None,3,5.0,2
室内下沉式榻榻米凉亭，室内观江,288,近烟厂地铁站,4,5.0,4
【野61莉】中央大街/索菲亚/通透大二居,434,近烟厂地铁站,9,4.9,6
慵懒假期榻榻米大床房,88,近江北大学城,2,5.0,2
『欣家61道外61情迷巴洛克』一客一消毒  巴洛克景区 中央大街 道外客运站 圣索菲亚大教堂 品质大两居,308,近烟厂地铁站,24,4.8,4
会展中心工大体院观景高层Loft赫时,268,近工程大学地铁站,18,5.0,4
摩洛情怀一居.凯德广场.理工.黑大,195,近理工大学地铁站,11,4.9,2
【绿野仙踪】哈站哈工大一楼，近地铁，自动麻将机,232,None,3,5.0,4
【Blue61克莱因蓝】ins风  /索菲亚教堂旁/ 中央大街/百寸投影/ 哈站 / 王府井,339,None,3,5.0,4
盎然距中央大街500米索菲亚教堂 可月租,151,近铁路局地铁站,24,4.9,2
MK-.百寸投影-中央大街.索菲亚复古,294,近博物馆地铁站,273,4.8,2
『欣家61中央大街61元宿』下楼即是中央大街  圣61索菲亚大教堂 防洪纪念塔 哈尔滨站 品质大两居可长租,470,近博物馆地铁站,25,5.0,4
【冰屿】中央大街｜滑梯海洋球超棒体验,325,近烟厂地铁站,10,5.0,2
【冰雪.肆】观江落地窗-榻榻米-高清投影,235,近烟厂地铁站,7,4.7,3
MK-中央大街.索菲亚教堂.松花江家庭房,334,近博物馆地铁站,67,4.9,4
【筑眠】远大/关东古巷/王府井/欧式一居,247,近哈尔滨西站地铁站,5,5.0,2
哈尔滨安舍国际青年旅舍中央大街步行街/索菲亚大教堂/防洪纪念塔清新优享大床房,125,近铁路局地铁站,14,4.8,2
小骆驼舒适四人房,210,近博物馆地铁站,36,4.5,4
【至美・ 遇见索菲亚】长租特惠！冰雪大世界，中央大街 圣索菲亚大教堂 麦凯乐 网红桥 防洪纪念塔  ,169,None,2,4.9,2
【双份早餐】百年庭院*寒舍*room7,276,近烟厂地铁站,3,5.0,3
哈什国际青年旅舍江南大学城温馨双床房(无窗),100,近学府路地铁站,36,4.8,2
有偿接机《柿子橙》距离哈站超级近 下楼就是索菲亚教堂 ,278,None,4,4.9,4
【忆 宿家】西城新巷 投影仪 近哈西商圈,628,None,1,5.0,8
【星禾入梦61钟于】巨幕高清投影/2-3人/中央大街冰雪大世界/情侣/英式复古小屋/wifi/交通便利,188,None,3,5.0,2
临果戈里大街俄式老洋房（带厨房，独院）/尚品民宿,568,None,3,5.0,4
哈西，日式浮世绘榻榻米（巨幕投影）,399,None,5,5.0,2
【喜达屋设计师民宿61陆】中央大街/防洪纪念塔/索菲亚教堂/兆麟公园/太阳岛/火车站/极地馆一客一消毒,621,None,3,5.0,1
[浮闲]地铁出口十米/1室1厅/太平桥/百盛 购物中心/智能投影/哈工程大学/黑龙江工程学院/可做饭,175,None,4,5.0,2
哈尔滨舒太酒店式公寓群力外滩休闲文化区商务双床房,170,None,1,5.0,4
哈尔滨唐唐公寓江南大学城特惠精品房,143,近理工大学地铁站,6,5.0,2
学府路嘉和理工小区优质房,188,近理工大学地铁站,5,5.0,3
哈尔滨万驿达酒店式公寓哈尔滨西站/哈西万达广场豪华大床房,141,近哈尔滨大街地铁站,38,5.0,2
〔皓V〕诠美/中央大街索菲亚200米/楼下商场超市/高层电梯巨幕投影/近冰雪大世界/机场大巴站/哈站,195,None,3,5.0,2
哈尔滨金凯瑞公寓大床房,99,近黑龙江大学地铁站,48,4.6,2
学院路 丽景花园 轻奢风泡泡浴 设施齐全,139,近江北大学城,4,5.0,2
乐松 林业大学 中医药美式小家庭,214,近理工大学地铁站,5,4.2,3
【忆.宿家】琳琳的店～近中央大街,416,近铁路局地铁站,53,4.6,8
欧尚民宿（哈西万达，地铁站，高铁站）,340,None,6,5.0,4
中央大街网家三大居,488,近铁路局地铁站,28,5.0,9
百家公寓(哈尔滨香坊万达店)龙塔/国际会展中心现代景观电影房,157,近博物馆地铁站,7,4.5,2
近医院近大学,168,None,3,5.0,3
万达茂/融创乐园/冰雪大世界,149,None,3,5.0,2
【极光】摩洛哥观江民宿 近中央大街 防洪纪念塔 松花江边,227,None,12,5.0,2
中央大街索菲亚大床投影房~北欧冷淡,177,近医大一院地铁站,16,4.8,2
麦田国际青年旅舍中华巴洛克老道外文化区特惠大床房,108,近烟厂地铁站,57,4.9,2
【甜心巍的家7】中央大街电梯机场大巴直达,199,近博物馆地铁站,21,4.8,2
中央大街，松花江畔，中东铁路桥，索菲亚教堂，中华巴洛克步行街，儿童医院，医大一院，观江两局室麻将房,374,近烟厂地铁站,15,4.9,8
经典假日豪华麻将套房,254,近哈尔滨西站地铁站,2,5.0,4
【全世界倾听你】 哈西万达 地铁 宜家 西站 金爵万象 投影 麻将房 私人影院 两室六人间,389,None,7,5.0,6
【白羊】近冰雪大世界/温馨私享私人影院/投影设备/融创滑雪场/大剧院/虎园/枫叶小镇奥特莱斯,166,None,3,5.0,2
Wait for you 观影双床房中央大街/索非亚教堂/适合情侣/家庭居住/有投影/可做饭,206,None,3,5.0,2
『欣家61中央大街61心宿』一客一消毒 中央大街 圣・索菲亚大教堂 哈尔滨站 医大四院 品质两居可长租,318,近博物馆地铁站,9,5.0,4
爱建社区简约北欧风格 中央大街冰雪大世界,148,近哈工大地铁站,4,4.7,2
三分钟到中央大街经典二室一厅六人间电梯高,286,近博物馆地铁站,31,4.8,6
[忆61宿家]浪漫达芬奇～比邻中央大街,340,近博物馆地铁站,77,4.8,6
『大眼猫』宜家61西站万达红场对面温馨两居,235,近哈尔滨大街地铁站,15,5.0,4
冰雪大世界/波塞冬豪装LOFT民宿公寓,458,近江北大学城,3,4.9,6
哈西站-万达广场-景观复古投影大床房,292,近哈尔滨大街地铁站,101,5.0,2
［忆宿家］暖暖小时光-捌loft长租特惠,435,None,5,5.0,8
【遨游】哈尔滨冰城公寓中央大街店中央大街步行街/索菲亚大教堂/防洪纪念塔浪漫大床房,162,近博物馆地铁站,17,4.8,2
【岚】简约大三居&中央大街（自动麻将机）,574,近博物馆地铁站,24,4.9,8
哈尔滨凯旋时代公馆江南大学城轻奢Bloom迷你大床房,145,近理工大学地铁站,3,5.0,2
学院路滨才城公交站附近，全新空调冰箱洗衣机,159,None,8,5.0,2
群力温馨四人套房,338,近哈尔滨西站地铁站,23,5.0,4
秋日和风 悦山国际 带空调 会展 高层有电梯 红博 龙塔 投影大屏幕 自助入住,268,近工程大学地铁站,7,5.0,4
夏克-【米卡】精奢复两居/近波塞冬融创乐园极地馆欢乐城/学院路哈师大外国语广厦学院华德,205,None,2,5.0,4
〔皓V〕悸动/中央大街50米，楼下商场超市/投影高层电梯/近中央大街/索菲亚教堂/冰雪大世界/哈站,165,None,None,None,2
【忆宿家】一夕一夏 近融创乐园,549,None,2,5.0,8
壹叁医大200米群力关东古巷6人大空调房,368,近哈尔滨西站地铁站,12,5.0,4
【N45 °泡泡浴】70无接触入住 非凡享受 师范大学 广厦学院 华德学院 外语城 农垦学院 学院路 ,129,None,3,4.8,2
波西米亚主题风格,188,近哈西大街地铁站,1,5.0,2
【星禾入梦61钟于】雪乡特价游自家民宿/高清投影/2-3人/英式复古小屋/近中央大街松花江畔/干净整洁,188,近博物馆地铁站,2,5.0,2
爱巍中央大街步行50米哈站索菲亚麻将房,358,近博物馆地铁站,59,4.9,6
哈尔滨意枫民宿中央大街步行街/索菲亚大教堂/防洪纪念塔三人间,180,近西大桥地铁站,4,5.0,3
Fun’s婚纱民宿近黑科技大学百寸投影,148,近太平桥地铁站,3,4.8,2
哈尔滨朝阳民宿中华巴洛克老道外文化区娱乐标准间,170,近烟厂地铁站,3,5.0,4
万福众商务公寓,136,近理工大学地铁站,7,5.0,2
中央大街索菲亚教堂，巴洛克广场尽在咫尺,251,None,9,4.9,2
群力远大/关东古巷/温馨大床房,169,近哈尔滨西站地铁站,87,4.9,2
【忆宿家】34号公馆～投影浴缸麻将机,558,近博物馆地铁站,25,4.9,10
归宿Grace智能民宿・浴缸ins极简,278,近烟厂地铁站,7,5.0,2
医大一院/秋林/远大/果戈里大街温馨房,158,近医大一院地铁站,3,5.0,3
星遇loft民宿中央大街银泰百货两居公寓,399,近哈尔滨西站地铁站,1,5.0,2
群力家庭6人套房三室两卫,349,近顾乡/群力新区,90,5.0,6
猫耳居『春暖花开』哈西万达|哈西火车站,309,近哈尔滨大街地铁站,3,5.0,4
中央大街索菲亚儿童医院大床投影房~佩琪,177,近医大一院地铁站,11,4.8,2
江尚居・中央大街 投影 观江,334,None,3,5.0,6
【禅意云舍】地铁一号线&凯德广场商圈,202,近学府路地铁站,3,5.0,2
【Forest 61影音・零压大床・可做饭】中央大街/索菲亚教堂/冰雪大世界/中华巴洛克/中东铁路桥,223,近博物馆地铁站,7,4.9,2
麻雀・西站・万达・Loft复式・四居八人间,390,None,5,4.5,8
北岸欧典民宿欧式风格4居室,580,近江北太阳岛冰雪大世界/万达旅游城/市政府商圈,4,5.0,7
哈尔滨凯旋时代公馆江南大学城观景大床房,154,近理工大学地铁站,83,4.7,2
叁叁群力医大一院机场大巴空调两室一厅,338,近哈尔滨西站地铁站,10,5.0,4
【橙途】哈西站/王府井/关东古巷/一居室,174,None,28,5.0,2
哈尔滨凤凰佳期快捷民宿哈尔滨站/果戈里商业区/医大一院标准家庭房,116,近博物馆地铁站,4,5.0,3
【橙途】会展中心/龙塔/红博/浪漫一居,189,None,17,5.0,2
『欣家61哈西61漫宿』一客一消毒 万达广场 西城红场 宜家 金爵万象 医大二院 黑大温馨loft可长租,280,近哈尔滨大街地铁站,14,5.0,4
【岚61舍】糖果的记忆/中央大街大三居/ 全自动麻将机/高清投影仪,551,None,5,5.0,10
中央大街索菲亚儿童医院大床投影房~田园,168,近医大一院地铁站,19,4.8,2
哈尔滨哈尼嘎嘎主题民宿中央大街步行街/索菲亚大教堂/防洪纪念塔圆床房,143,近医大一院地铁站,4,5.0,2
【悠家】龙塔|森林植物园|中华巴洛克|戴秀湖公园|对画美术馆|现代简约一居室,198,None,1,4.8,2
MK―百寸投影―中央大街-索菲亚书屋,294,近博物馆地铁站,117,4.9,2
温哥华公寓,125,None,5,4.9,4
哈尔滨中央大街两室一厅可住六人,335,近博物馆地铁站,8,4.9,6
蒙宿LOFT-露台烧烤-停车位-麻将机-投影-空调-做饭-学院路-林达外语城-杉杉奥特莱斯-融创茂,497,近江北大学城,55,5.0,6
【Forest 61影音・零压大床・可做饭】中央大街/索菲亚教堂/冰雪大世界/中华巴洛克/中东铁路桥,223,近博物馆地铁站,7,4.9,2
春季特惠【幻月城】冰雪大世界《情迷61索菲亚》楼下中央大街|比临松花江|拥抱索菲亚|可住4人,283,近博物馆地铁站,24,4.8,4
哈尔滨凯旋时代公馆江南大学城观景大床房,154,近理工大学地铁站,83,4.7,2
万达茂乐园 冰雪大世界 太阳岛海洋极地馆,388,None,6,5.0,6
北岸欧典民宿欧式风格4居室,580,近江北太阳岛冰雪大世界/万达旅游城/市政府商圈,4,5.0,7
『欣家61中央大街61心宿』一客一消毒 中央大街 圣・索菲亚大教堂 哈尔滨站 医大四院 品质两居可长租,318,近博物馆地铁站,9,5.0,4
群力远大/关东古巷/轻奢lns投影大床房,189,近哈尔滨西站地铁站,250,5.0,2
哈尔滨意枫民宿中央大街步行街/索菲亚大教堂/防洪纪念塔三人间,180,近西大桥地铁站,4,5.0,3
中央大街索菲亚儿童医院大床投影房~田园,168,近医大一院地铁站,19,4.8,2
【Macaroons61智控・零压大床・可做饭】中央大街/索菲亚教堂/冰雪大世界/中华巴洛克/中东铁路,204,近博物馆地铁站,7,4.4,3
【凡人静巷】墨绿色中央大街太阳岛索菲亚ins风格民宿,245,近博物馆地铁站,6,5.0,2
哈西loft超大榻榻米多人麻将房,160,近哈西大街地铁站,7,5.0,2
丹尼的小窝―园，江景房防洪纪念塔中央大街,229,近烟厂地铁站,19,4.8,2
中央大街 温馨 家庭房,459,近博物馆地铁站,8,5.0,7
凡人静巷-古茶巷中央大街索菲亚冰雪大世界,264,近博物馆地铁站,2,5.0,2
乔居61竹坞|哈西万达|哈尔滨西站|西城红场|简约风投影一居室,197,None,1,5.0,2
北欧NIS风投影大床房,179,近哈尔滨西站地铁站,25,5.0,2
【初见公寓】绅士商务，全屋智能超大投影观景大床房，轻奢风，下楼即哈西站，万达、红场、金爵万象、近大学,219,None,3,5.0,2
蒙宿LOFT-露台烧烤-停车位-麻将机-投影-空调-做饭-学院路-林达外语城-杉杉奥特莱斯-融创茂,497,近江北大学城,55,5.0,6
乔居●花语│哈西万达│哈西站│投影│自助入住,178,None,1,5.0,2
群力远大/关东古巷/轻奢lns投影大床房,189,近哈尔滨西站地铁站,250,5.0,2
A13【下楼就是中央大街】【防洪纪念塔】 【索菲亚教堂】【松花江畔】【自助入住】【投影】,247,None,6,5.0,2
陶瓷小区,151,近交通学院地铁站,1,5.0,3
哈西站/香栖公寓/爱达九溪/日式观影房/,294,近哈尔滨大街地铁站,32,4.9,4
"中央大街,索菲亚，网红桥,儿童医院,市一院,一室大床投影,现代中式-私人影院/投影设备落地窗观景",177,None,4,5.0,2
现代简约大床房 哈西万达店,172,None,2,5.0,2
泊尘61冰雪大世61l中央大街61,203,近哈尔滨西站地铁站,14,5.0,2
[忆宿家]巴洛克风情 近中央大街3居～投影,378,近博物馆地铁站,10,4.8,8
哈尔滨群力银泰茂公寓群力外滩休闲文化区豪华双床房,148,近哈尔滨西站地铁站,28,4.8,2
【忆.宿家】2居.简约风.近中央大街,340,近博物馆地铁站,33,4.8,6
哈尔滨金凯瑞时尚公寓江南大学城大床房,86,近黑龙江大学地铁站,7,4.7,2
中央大街旁近防洪纪念塔宁溪温馨一居公寓,218,近博物馆地铁站,39,5.0,4
【H61泊客】中央大街精奢智能民宿,359,近博物馆地铁站,9,5.0,2
【忆宿家】玺悦淳合 近王府井麻将机三室～,482,近哈尔滨西站地铁站,9,5.0,8
好点百寸投影中央大街索菲亚松花江,178,近医大一院地铁站,4,4.6,2
轻奢爱马仕・120寸观影・大床房・万达广场・宜家家居・哈尔滨西站・地铁3号线・哈尔滨学院・黑龙江大学,193,None,5,5.0,2
【古耐】中央大街20米 索菲亚,198,近博物馆地铁站,19,4.9,2
【橘子郡】霓虹影咖 四米宽MAX巨幕  中央大街商圈 近冰雪大世界 索菲亚教堂 地铁出行 ,388,None,5,5.0,4
夏克-【轻趴】庭院两居房/近波塞冬融创乐园极地馆欢乐城大剧院/学院路哈师大外国语广厦学院华德,205,None,4,5.0,4
北国风光/中央大街/冰雪大世界/大床房,160,近哈工大地铁站,118,5.0,2
旋转木马主题 长租特惠 哈西万达61西城红场61金爵万象61火车站61客运站61高铁机场 近地铁3号线 近商圈,178,None,2,5.0,3
『欣家61哈西61锦绣』一客一消毒 哈西万达广场 西城红场 哈西站  理工 黑大 医大二院 温馨大两室,378,近哈尔滨大街地铁站,53,4.9,4
倪生的家林业大学MissDior榻榻米房,223,近理工大学地铁站,10,5.0,2
【Orange・龙塔景观房・影音・零压大床・可做饭】电视台/万达广场/湘江公园/民航大厦/省医院/,176,近博物馆地铁站,4,5.0,2
哈尔滨舒服家公寓哈尔滨西站/哈西万达广场温馨家庭房,162,近哈尔滨大街地铁站,7,4.9,3
『欣家61会展61CBD』国际会展中心 红博城市公园 香坊红旗大街 龙塔 开发区品质一居室可住四人可长租,280,近工程大学地铁站,16,4.9,4
【梅花三弄】新中式/可开发票/喝茶做饭/中央大街/索菲亚教堂/防洪纪念塔/斯卡拉/太阳岛/冰雪大世界,360,None,4,5.0,4
〔皓V〕暮色/密码锁自助入住/高层电梯投影落地窗/红军街1号/近博物馆地铁口/哈站秋林远大松雷果戈里,284,None,2,5.0,2
映・宅 江景阳台防洪纪念塔中央大街,355,近博物馆地铁站,18,5.0,2
【橙途】远大王府井关东古巷冰雪大世界,168,近哈尔滨西站地铁站,3,5.0,2
哈西万达轻奢投影主题大床,191,None,5,4.7,2
哈尔滨西雁民宿融创旅游城/极地馆/松花江畔家庭房,153,None,5,4.7,3
万达酒店式公寓(哈尔滨衡山路店)龙塔/国际会展中心豪华大床房,130,近博物馆地铁站,3,4.7,2
哈尔滨聚聚鑫民宿龙塔/国际会展中心商务标准间,151,近工程大学地铁站,13,4.6,2
哈尔滨聚聚鑫民宿龙塔/国际会展中心商务标准间,151,近工程大学地铁站,13,4.6,2
中央大街大三居,466,近博物馆地铁站,1,5.0,6
惠嘉陆号房,208,近哈尔滨大街地铁站,3,4.7,2
哈尔滨哈尼嘎嘎主题民宿中央大街步行街/索菲亚大教堂/防洪纪念塔圆床房,143,近医大一院地铁站,4,5.0,2
【景观飘窗・可做饭・三人间】龙塔电视台/万达广场/湘江公园/民航大厦/省医院/省政府/哈体院/中法,188,None,1,5.0,3
哈尔滨K-room互联网民宿中央大街步行街/索菲亚大教堂/防洪纪念塔复古双床房,150,近博物馆地铁站,3,4.8,2
溪岸艺墅观景投影大床房大床房，纵观群力湿地公园，王府井，关东古巷。,179,None,5,5.0,2
【慢行旅】距中央大街200米 ,177,近博物馆地铁站,25,5.0,2
中央大街 冰雪大世界 日式两居室,359,近铁路局地铁站,14,5.0,4
哈尔滨利奥小屋主题民宿龙塔/国际会展中心标准大床房,100,近博物馆地铁站,4,4.6,2
【丰光江景・柒号房】观江落地窗/百寸高清投影/中央大街/索菲亚教堂/铁路网红桥/美食巴洛克/江畔公园,328,None,9,5.0,2
经典假日特惠大床,178,近哈尔滨西站地铁站,67,5.0,2
说好百寸投影中央大街索菲亚松花江,178,近医大一院地铁站,9,4.8,2
倪先生的家凯旋广场林业大学轻奢臻选主题房,168,近理工大学地铁站,5,4.8,2
哈尔滨太平国际机场24小时免费接送机三人,118,近太平国际机场,14,4.9,3
群力星光耀 温馨大床房 舒适如家 独网有窗 拎包入住,168,近哈尔滨西站地铁站,28,5.0,2
哈尔滨中央大街两室一厅可住六人,335,近博物馆地铁站,8,4.9,6
简约而不失格调 独门独户,119,None,4,5.0,2
【忆宿家】思澜公馆～麻将机 近索菲亚教堂,539,近博物馆地铁站,16,4.9,8
哈尔滨利奥小屋主题民宿龙塔/国际会展中心豪华大床房,142,近博物馆地铁站,1,5.0,2
【丰光江景61小居】中央大街-松花江畔-网红桥-索菲亚-巴洛克-德云社-落地窗-直观江-VIP百寸投影,298,None,2,5.0,2
欧式豪华装修，冰雪大世界，万达滑雪,388,None,21,4.9,6
太平国际机场24小时免费接送机接机双床房,105,近太平国际机场,32,4.7,2
 哈尔滨金座轰趴loft,629,近江北太阳岛冰雪大世界/万达旅游城/市政府商圈,6,5.0,16
贰【冰都】全屋空调/观景中央大街/麻将机/双卫/绝板地带免费停车位,748,None,4,5.0,10
3室6-10人麻将投影棋牌电脑做饭-家园,372,近哈尔滨西站地铁站,19,4.8,6
舒心精品公寓,140,近哈尔滨大街地铁站,4,5.0,2
近中央大街索菲亚教堂火车站舒适宽大家庭房,318,近博物馆地铁站,6,4.7,4
【忆.宿家】至若初见中央大街麻将机投影,558,近博物馆地铁站,18,5.0,10
［遇见柠檬61云端］哈西万达/哈西站/精品乳胶大床房,174,None,7,4.9,2
哈西万达海底风格网红公寓,200,近哈尔滨大街地铁站,9,5.0,2
【慕斯】轻奢投影家庭影院/融创游乐园/滑雪场/枫叶小镇/虎园/大剧院/冰雪大世界,166,None,None,None,2
猫耳居『达芬奇』哈西万达|中央大街|师大夜市|哈尔滨西站|西城红场|医大二院|黑龙江大学,309,None,1,5.0,4
中央大街采光好大窗户温馨大床房,235,近博物馆地铁站,41,4.8,2
『欣家61哈西61夜宴』一客一消毒 万达广场，西城红场，金爵万象 医大二院 温馨两室一厅loft 可长租,308,近哈西大街地铁站,17,4.9,4
舒适大床房,130,近黑龙江大学地铁站,1,5.0,2
凡人静巷-栖迟近中央大街太阳岛冰雪大世界近医院大客厅私人影院/投影设备,311,None,4,4.8,4
近橡金融学院/德强学校/电炭路/气象台/农业大学/恒大中央广场店,131,None,3,4.9,2
【徕舍】中央大街-索菲亚教堂-防洪纪念塔-华灯初上-百寸投影,218,None,1,5.0,2
猫耳居『一路风景』中央大街・索菲亚教堂|冰雪大世界,372,近博物馆地铁站,12,5.0,4
【橙途】远大购物中心/关东古巷/舒心一居,171,None,2,5.0,2
暮色・高清投影大床房（哈西万达）,279,None,2,5.0,2
普通大床房,150,近哈尔滨大街地铁站,159,4.9,2
太平国际机场24H免费接送机家庭房,106,近太平国际机场,29,4.7,3
民宿-医大二院，三院，黑大-征仪路保健路,149,None,8,5.0,2
哈西站，哈西万达，北欧风清新大床房,168,None,7,5.0,2
【橙途】学府凯德/学府四夜市/一室大床,177,None,8,5.0,2
宁之屋冰雪大世界老道外巴洛克风情街大屏幕,345,近烟厂地铁站,4,4.7,6
近商圈近医院温馨私享私人影院/投影设备,174,None,None,None,2
太平国际机场24H免费接送机简约大床房,102,近太平国际机场,94,4.7,2
忆宿家现代都市协奏曲麻将机中央大街13人,539,近博物馆地铁站,33,4.7,10
中央大街/冰雪大世界/索菲亚-大床房,159,近博物馆地铁站,84,4.8,2
贰贰空调投影群力医大一院近哈西站一室一厅,268,近哈尔滨西站地铁站,6,5.0,4
群力粉色温馨家庭房（王府井.远大）,168,近哈尔滨西站地铁站,1,5.0,3
华宿雅居精品酒店(哈尔滨南岗区政府店)哈尔滨站/果戈里商业区/医大一院轻奢大床房,264,None,6,4.6,2
中央大街公寓情侣大床房,169,近博物馆地铁站,14,4.8,2
【橙途】龙塔/红博会展中心/简约商务一居,174,None,None,None,2
中央大街索菲亚儿童医院大床投影房~海洋,159,近医大一院地铁站,24,4.7,2
【忆・宿家】美欧情调轻奢.中央大街，麻将,340,近博物馆地铁站,46,4.7,6
太平国际机场24小时免费接送机大床房,93,近太平国际机场,86,4.6,2
壹贰医大一院群力新区宜家风温馨两居空调房,338,近哈尔滨西站地铁站,7,5.0,4
兜兜民宿/江北学院路/两室一厅/志华/师大/外国语/林达外语城/世界欢乐城/杉杉奥特莱斯,279,近江北大学城,13,4.9,6
中央大街圣索菲亚教堂电梯家庭四人房,228,近博物馆地铁站,2,5.0,4
【忆宿家】暖暖小时光参 loft长租特惠,435,None,3,4.9,8
叁壹医大一院群力新区空调房两室一厅,338,近哈尔滨西站地铁站,15,5.0,4
A19【中央大街商圈】【投影设备】【俯瞰索菲亚教堂】【松花江畔】【防洪纪念塔】【自助入住】,239,None,1,5.0,2
三分钟到中央大街温馨双床房四人间电梯高层,186,近博物馆地铁站,61,4.7,4
悦享榻榻米,275,近理工大学地铁站,3,4.8,2
哈西・巨幕观影・大床房・万达广场・宜家家居・哈尔滨西站・地铁3号线・哈尔滨学院・黑龙江大学・医大二院,173,None,6,5.0,2
观景温馨家庭套房,249,近博物馆地铁站,2,5.0,4
温馨大床房,163,None,3,5.0,2
21 【每客消毒】巨幕投影 秘宿出品,184,近哈工大地铁站,4,5.0,2
马迭尔MIX酒店(哈尔滨医大二院店)医大二院/哈南站舒适大床房,271,近哈达地铁站,47,4.7,2
哈西，哈西万达，木系舒适大床房,176,None,None,None,2
近3号线近商圈温馨私享私人影院/投影设备,202,None,2,5.0,2
17 【每客消毒】巨幕投影 秘宿出品,165,近哈工大地铁站,2,5.0,2
【创客】群力三中/远大/商务双床房,180,近哈尔滨西站地铁站,8,4.9,4
中央大街，儿童医院，索菲亚教堂，医大一院,374,近烟厂地铁站,4,4.8,4
【璞61舍】锡拉夏的白色港湾/中央大街ins/坚果投影仪/2―4人居住,179,None,2,5.0,2
【橙途】哈西站/万达/西城红场/明亮一居,174,None,11,5.0,2
网红巨幕投影万达茂冰雪大世界哈尔滨大剧院,193,近江北太阳岛冰雪大世界/万达旅游城/市政府商圈,6,5.0,4
【鑫顺居--壹】百寸高清投影/榻榻米大床/防洪纪念塔/索菲亚教堂/网红桥/德云社/中华美食巴洛克,245,None,1,5.0,2
＜忆宿家＞轻描淡写～会展中心～脑科医院,302,近桦树街地铁站,25,5.0,6
天嘉民宿,900,近博物馆地铁站,5,5.0,9
哈尔滨美如家公寓标准大床房,128,近博物馆地铁站,30,4.5,2
『U樟小栈』『全屋已消毒』『可做饭』中央大街|江畔索菲亚|三居,566,近博物馆地铁站,67,5.0,6
精装修loft公寓哈西站哈西万达西城红场,285,近哈尔滨大街地铁站,1,5.0,2
【橙途】学府凯德/师大夜市/哈林大/一居,180,None,6,4.8,2
聚缘时尚公寓(哈尔滨中央大街店)中央大街步行街/索菲亚大教堂/防洪纪念塔大床房,145,近博物馆地铁站,60,4.7,2
〔皓V〕若相惜/地铁口20米/交通超级便利/百寸投影/高层观景电梯/近工程大学/船舶/索菲亚机场大巴,168,None,1,5.0,2
索菲亚/中央大街/防洪纪念塔/清新大床房,179,近博物馆地铁站,9,4.9,2
哈尔滨嘉晨臻选酒店中华巴洛克老道外文化区温馨大床房(无窗),135,近烟厂地铁站,15,4.9,2
猫耳居『维多利亚』哈西万达|中央大街|冰雪大世界|哈尔滨西站|西城红场|医大二院|黑龙江大学|大两居,281,近哈尔滨大街地铁站,4,5.0,4
哈尔滨e家酒店式公寓中央大街步行街/索菲亚大教堂/防洪纪念塔轻奢豪华大床房,179,近哈工大地铁站,4,4.9,2
哈尔滨哈尼嘎嘎主题民宿中央大街步行街/索菲亚大教堂/防洪纪念塔温馨大床房,168,近医大一院地铁站,3,5.0,2
【忆.宿家】小资的情调~手码麻将索菲亚教堂中央大,340,近医大一院地铁站,39,4.6,6
特价房三分钟到大街随机浪漫大床高层电梯,116,近博物馆地铁站,260,4.6,2
哈尔滨凤凰佳期快捷民宿哈尔滨站/果戈里商业区/医大一院豪华四人间,168,近博物馆地铁站,1,5.0,4
猫耳居『颜如玉』哈西站|哈西万达|地铁站,343,近哈尔滨大街地铁站,9,5.0,4
soho・宅中央大街索菲亚老道外巴洛克,266,近烟厂地铁站,11,4.9,2
北欧欧式豪华装修，滑雪，购物北欧风情屋,463,None,12,4.9,8
【橙途】群力远大/丁香公园 / 小资一居,158,None,None,None,2
【鎏金】大床哈西站哈西万达近地铁近大学,222,None,3,4.7,2
经典假日公寓舒适大床房,188,近哈尔滨西站地铁站,10,4.9,2
哈尔滨家友时尚快捷民宿中央大街步行街/索菲亚大教堂/防洪纪念塔舒适大床房,117,近铁路局地铁站,6,4.8,2
哈尔滨天煜公寓龙塔/国际会展中心高级大床房,162,近博物馆地铁站,81,5.0,2
安心暖屋,178,近和兴路地铁站,1,5.0,3
哈尔滨凯森假日民宿融创旅游城/极地馆/松花江畔标准大床房,162,None,4,4.8,2
天天民宿(哈尔滨永和街店)哈尔滨站/果戈里商业区/医大一院豪华双床房,112,近博物馆地铁站,5,5.0,2
哈尔滨嘉晨臻选酒店中华巴洛克老道外文化区商务标准间,167,近烟厂地铁站,25,4.9,2
"
【Rhythm61影音・零压大床・可做饭】龙塔电视台/万达广场/湘江公园/民航大厦/省医院/省政府",197,近博物馆地铁站,1,5.0,2
哈尔滨芭乐商务民宿哈尔滨西站/哈西万达广场商务双床房,155,近哈尔滨大街地铁站,9,4.8,2
【橙途】哈理工/学府路/哈师大/一室,177,None,10,4.8,2
哈尔滨阿勒锦酒店哈尔滨西站/哈西万达广场巴厘岛大床房,274,近哈尔滨大街地铁站,24,4.9,2
万达城独享唯美花园洋房 中央大街30分钟,699,None,9,4.9,4
【勃莱梅】勃莱梅酒店(哈尔滨中央大街店)中央大街步行街/索菲亚大教堂/防洪纪念塔欧典情侣房,337,近博物馆地铁站,263,4.8,1
万福众商务美式家庭房,166,近理工大学地铁站,3,5.0,3
哈尔滨天惠酒店工程大学/哈尔滨东站天惠大床房,181,近烟厂地铁站,31,4.6,2
【枫】枫酒店(哈尔滨东站会展中心店)工程大学/哈尔滨东站商务大床房,325,None,2,4.9,2
星河国阅公馆,368,近江北大学城,6,5.0,4
哈尔滨雪域国际青年旅舍中央大街步行街/索菲亚大教堂/防洪纪念塔家庭房（公共卫浴）,153,近哈工大地铁站,2,4.8,3
检顺商务酒店(哈尔滨长江路会展中心店)龙塔/国际会展中心经典大床,230,近工程大学地铁站,38,4.9,2
哈尔滨欧尚精品酒店中央大街步行街/索菲亚大教堂/防洪纪念塔特惠大床房(无窗),175,近哈工大地铁站,54,4.8,2
道里群力商圈大四居派对10人房近冰雪世界,598,近哈尔滨西站地铁站,5,5.0,8
【汐61溢】百寸投影 中央大街/索菲亚教堂/防洪纪念塔/网红拍照/田园大床房,178,None,2,5.0,2
哈尔滨e家酒店式公寓中央大街步行街/索菲亚大教堂/防洪纪念塔轻奢豪华大床房,179,近哈工大地铁站,4,4.9,2
 哈尔滨金座轰趴loft,629,近江北太阳岛冰雪大世界/万达旅游城/市政府商圈,6,5.0,16
佳欣2月租优惠优冰雪大世界中央大街四室,999,近江北太阳岛冰雪大世界/万达旅游城/市政府商圈,13,5.0,12
哈尔滨泰华时尚民宿江南大学城家庭房,162,近西大桥地铁站,4,5.0,3
宅酱1 哈尔滨中央大街小资简约风1室民宿,155,近博物馆地铁站,11,4.9,2
哈尔滨怡鑫源民宿中华巴洛克老道外文化区豪华标准间,178,近烟厂地铁站,4,4.8,2
安心暖屋,178,近和兴路地铁站,1,5.0,3
哈尔滨金夜民宿工程大学/哈尔滨东站三人间,142,近太平桥地铁站,1,5.0,3
日式榻榻米大床房，哈西万达店,172,None,1,4.5,2
【简居～双子座】简约/性价比高/地理位置优越/中央大街/圣索菲亚大教堂/防洪纪念塔/曼哈顿/透笼国际,198,None,2,4.9,3
汽车民宿，130平米隐私性大宅Loft复式,311,None,6,5.0,4
【Pure sky 】中央大街/索菲亚教堂/冰雪大世界/防洪纪念塔【智控.零压大床.可做饭】,254,None,1,4.5,3
【橙途】近师大夜市/哈工大/温馨一室,118,None,9,5.0,2
【双份早餐】百年庭院*寒舍*room7,276,近烟厂地铁站,3,5.0,3
【果上果】洞穴民宿，中央大街索菲亚,372,None,4,5.0,2
【瑶筑61雅居】中央大街50米1分钟双卧双卫全新宜家家居床品极米高清百寸投影/索菲亚教堂,471,近博物馆地铁站,9,5.0,6
哈尔滨DC精品主题公寓哈尔滨西站/哈西万达广场随意家-巨幕投影房,176,近哈尔滨大街地铁站,4,4.3,2
【喜达屋设计师民宿61伍】中央大街步行街/索菲亚教堂/兆麟公园/太阳岛/极地馆/防洪纪念塔/一客一消毒,322,None,2,5.0,2
【雅居一】中央大街50米1分钟大居室双卫宜家家居床品极米高清百寸投影/索菲亚教堂/单间（一）,420,近博物馆地铁站,1,5.0,4
【橘子郡】霓虹影咖 四米宽MAX巨幕  中央大街商圈 近冰雪大世界 索菲亚教堂 地铁出行 ,388,None,5,5.0,4
中央大街，松花江畔，中东铁路桥，索菲亚教堂，中华巴洛克步行街，儿童医院，医大一院，观江两局室麻将房,374,近烟厂地铁站,15,4.9,8
近3号线近商圈温馨私享私人影院/投影设备。全筒滑梯，百寸投影大床房，哈西万达。,238,None,2,5.0,3
中央大街兆麟公园冰灯索菲亚精装投影大三室,899,近博物馆地铁站,3,5.0,8
中央大街，松花江畔，中东铁路桥，索菲亚教堂，中华巴洛克步行街，儿童医院，医大一院观江麻将房,374,近烟厂地铁站,4,5.0,8
中央大街网家三大居,488,近铁路局地铁站,28,5.0,9
【悠家】龙塔|森林植物园|中华巴洛克|戴秀湖公园|对画美术馆|现代简约一居室,198,None,1,4.8,2
哈尔滨凤凰佳期快捷民宿哈尔滨站/果戈里商业区/医大一院豪华四人间,168,近博物馆地铁站,1,5.0,4
哈尔滨群力远大优美酒店式公寓群力外滩休闲文化区情侣大床房,178,None,5,4.8,2
中央大街/索菲亚/冰雪大世界-大床房  ,178,近博物馆地铁站,10,4.9,2
哈尔滨天煜公寓龙塔/国际会展中心高级大床房,162,近博物馆地铁站,81,5.0,2
学府凯德尚品公寓,188,近理工大学地铁站,3,5.0,2
顾乡群力哈西中央大街冰雪大世界二花的家,169,None,1,5.0,2
哈尔滨中央大街金荣假日标准大床房,190,近博物馆地铁站,3,4.8,2
通江街 中央大街附近,169,近博物馆地铁站,1,5.0,2
【橙途】龙塔/红博会展中心/简约商务一居,174,None,None,None,2
芒果假日公寓近中央大街索菲亚教堂大床房,190,近博物馆地铁站,1,5.0,2
哈尔滨恒大公寓万达店哈尔滨西站/哈西万达广场特惠房,154,近哈尔滨大街地铁站,82,4.9,2
【驿居】驿居酒店(哈尔滨机场巴士高铁站店)哈尔滨西站/哈西万达广场驿居商务房,349,近哈尔滨大街地铁站,204,4.9,2
哈西万达广场温馨大床房,159,近哈尔滨大街地铁站,3,5.0,2
中央大街/索菲亚教堂/冰雪大世界-ins,178,近博物馆地铁站,7,4.9,2
欧式豪华装修，冰雪大世界，万达滑雪,388,None,21,4.9,6
哈尔滨天惠酒店工程大学/哈尔滨东站家庭套房,482,近烟厂地铁站,1,5.0,3
马迭尔娇龙商务民宿(哈尔滨中央大街店)中央大街步行街/索菲亚大教堂/防洪纪念塔至尊大床房,457,None,1,4.8,2
哈尔滨舒太酒店式公寓群力外滩休闲文化区豪华大床房,154,None,3,5.0,2
【H61云顶】中央大街 索菲亚教堂美式百米大套房 ,868,近博物馆地铁站,21,4.9,4
北欧欧式豪华装修，滑雪，购物北欧风情屋,463,None,12,4.9,8
哈尔滨凯瑞酒店中央大街步行街/索菲亚大教堂/防洪纪念塔尊享大床房,442,近博物馆地铁站,6,4.8,2
【忆宿家】一夕一夏 近融创乐园,549,None,2,5.0,8
近商圈近医院整套大宅,679,None,4,4.8,6
【遨游】哈尔滨斯凯沃商务酒店中央大街步行街/索菲亚大教堂/防洪纪念塔豪华标准间,192,近西大桥地铁站,2,4.4,2
阳光大床房/中央大街/索菲亚/,188,近博物馆地铁站,3,5.0,2
温馨舒适大床房,129,近博物馆地铁站,7,4.8,2
榻榻米主题房,148,None,1,5.0,2
自由客・松花江边800平地中海风豪华船墅,3116,近太平桥地铁站,1,5.0,20
埃迭姆精品民宿(哈尔滨中央大街店)中央大街步行街/索菲亚大教堂/防洪纪念塔城市豪华大床房,586,近博物馆地铁站,16,4.8,2
【2046】紧邻中央大街松花江索菲亚教堂,449,近博物馆地铁站,1,5.0,2
H61清舍 中央大街/索菲亚 轻奢民宿,393,近博物馆地铁站,34,4.9,2
太平国际机场全天免费接送冰城乡村风格大床,82,近太平国际机场,15,5.0,2
【枫】枫酒店(哈尔滨工程大学船舶店)工程大学/哈尔滨东站家庭房,439,近工程大学地铁站,10,5.0,2
江北学院路利民学苑民宿无独卫,40,近江北大学城,3,5.0,2
【岚61舍】糖果的记忆/中央大街大三居/ 全自动麻将机/高清投影仪,551,None,5,5.0,10
丹尼的小窝―园，江景房防洪纪念塔中央大街,229,近烟厂地铁站,19,4.8,2
哈尔滨佳爱快捷民宿哈尔滨站/果戈里商业区/医大一院标准大床房,65,近博物馆地铁站,87,4.6,2
哈尔滨青苹果公寓豪华两室一厅房,598,近博物馆地铁站,84,4.9,4
中央大街儿童医院医大一院观江,401,近烟厂地铁站,2,5.0,6
巨幕投影游戏机  大床房 可长租（哈西高铁万达店）长途客运站 火车站 飞机场 近地铁3号 近商圈,174,None,2,5.0,2
【H61泊客】中央大街精奢智能民宿,359,近博物馆地铁站,9,5.0,2
蓦然回首，那人却在，灯火阑珊处！,289,近博物馆地铁站,4,4.8,4
群力温馨四人套房,338,近哈尔滨西站地铁站,23,5.0,4
『由己丶』中央大街江畔网红桥索菲亚三居,412,近烟厂地铁站,18,5.0,6
学院路/冰雪大世界/太阳岛/现代简约投影,118,近江北大学城,12,4.7,2
三分钟到中央大街豪华两室一厅六人间电梯,286,近博物馆地铁站,84,4.7,6
[忆.宿家]英伦风情麻将机中央大街13人,558,近博物馆地铁站,33,4.8,13
【素描】北欧榻榻米一居/36中/临近顾乡凯德,141,近和兴路地铁站,9,4.7,2
波西米亚主题风格,188,近哈西大街地铁站,1,5.0,2
哈尔滨太平国际机场24小时免费接送机双床,73,近太平国际机场,90,4.8,2
【忆宿家】34号公馆～投影浴缸麻将机,558,近博物馆地铁站,25,4.9,10
检顺商务酒店(哈尔滨长江路会展中心店)龙塔/国际会展中心经典标间(无窗),180,近工程大学地铁站,35,5.0,2
【勃莱梅】勃莱梅酒店(哈尔滨中央大街店)中央大街步行街/索菲亚大教堂/防洪纪念塔欧典行政房,525,近博物馆地铁站,24,4.8,3
近中央大街索菲亚教堂温馨情侣房/哈尔滨站,178,近博物馆地铁站,20,4.8,2
【忆.宿家】至若初见中央大街麻将机投影,558,近博物馆地铁站,18,5.0,10
中央大街/巴洛克/投影麻将现代舒适三居室,685,近烟厂地铁站,10,4.9,6
埃迭姆精品民宿(哈尔滨中央大街店)中央大街步行街/索菲亚大教堂/防洪纪念塔城市风情标准间,206,近博物馆地铁站,54,4.7,2
近金融学院德强学校欧式精装修花园园林景观整套三居大客厅,294,None,4,5.0,5
［忆宿家］暖暖小时光-陆loft 麻将机 投影仪 近哈西站,473,None,2,5.0,8
限量机场接送暖冬双标,116,近太平国际机场,44,4.6,2
哈西万达中式风格公寓,200,近哈尔滨大街地铁站,None,None,2
【Blue61克莱因蓝】ins风  /索菲亚教堂旁/ 中央大街/百寸投影/ 哈站 / 王府井,339,None,3,5.0,4
【全世界倾听你】 哈西万达 地铁 宜家 西站 金爵万象 投影 麻将房 私人影院 两室六人间,389,None,7,5.0,6
哈西站-万达广场-景观影院臻品浴缸套房,568,None,43,5.0,2
哈尔滨北极熊酒店融创旅游城/极地馆/松花江畔北极熊高级大床房,500,None,9,5.0,2
［忆宿家］暖暖小时光-捌loft长租特惠,435,None,5,5.0,8
【Party 61影音・景观餐厅・零压大床】中央大街/索菲亚教堂/冰雪大世界/中华巴洛克/中东铁路桥,653,近博物馆地铁站,1,5.0,8
近中央大街索菲亚教堂火车站舒适宽大家庭房,318,近博物馆地铁站,6,4.7,4
【冰雪之山】观江房-松花江畔-高清投影,223,近烟厂地铁站,20,4.6,4
大三居双卫中央大街索菲亚教堂阳光雨露提供接站、接机,888,近博物馆地铁站,72,5.0,6
星河国阅公馆,368,近江北大学城,6,5.0,4
【驿居】驿居酒店(哈尔滨中央大街店)中央大街步行街/索菲亚大教堂/防洪纪念塔驿居套房,702,近博物馆地铁站,3,5.0,2
【忆 宿家】西城新巷 投影仪 近哈西商圈,628,None,1,5.0,8
[忆宿家]物华天宝 ～三居投影手码麻将,454,近学府路地铁站,9,5.0,8
紧邻哈站北广场的粉色心语小窝,176,None,1,5.0,2
哈尔滨棒棒糖大床房,198,近博物馆地铁站,8,5.0,2
迷帐・宅  中央大街索菲亚儿童医院巴洛克,275,近烟厂地铁站,3,4.6,4
[夏.雪]近景观江小房 江畔戎庭 中央大街步行街 冰雪大世界 索菲亚教堂 儿童医院 过江索道 网红桥,178,None,1,5.0,2
哈尔滨安佳公寓中央大街步行街/索菲亚大教堂/防洪纪念塔优享大床房,143,None,2,5.0,2
中央大街/索菲亚教堂/冰雪大世界-浪漫房,159,近博物馆地铁站,8,4.9,2
香坊豪华双床房,178,近博物馆地铁站,3,5.0,4
都盟民宿(哈尔滨中央大街店)中央大街步行街/索菲亚大教堂/防洪纪念塔温馨家庭房(无窗),152,近博物馆地铁站,3,3.7,3
【丰光江景・融创】中央大街-松花江畔-索菲亚-网红桥-巴洛克-德云社-落地窗-直观江- VIP大投影,368,None,7,4.5,3
哈尔滨小敏公寓江南大学城北欧风格主题房,134,近理工大学地铁站,1,5.0,2
【橙途】哈尔滨东站/会展中心/时尚一居,174,None,94,4.9,2
哈尔滨e家精品公寓群力外滩休闲文化区特惠精品大床房,152,近哈尔滨西站地铁站,10,5.0,2
哈尔滨香树湾民宿融创旅游城/极地馆/松花江畔娱乐房,151,None,1,5.0,2
马迭尔娇龙商务民宿(哈尔滨中央大街店)中央大街步行街/索菲亚大教堂/防洪纪念塔雅致大床房,459,近博物馆地铁站,90,4.7,2
哈尔滨南岗时尚快捷民宿医大二院/哈南站四人间,122,近医大二院地铁站,1,5.0,4
【冰雪.肆】观江落地窗-榻榻米-高清投影,235,近烟厂地铁站,7,4.7,3
群力豪华六人套房,888,近哈尔滨西站地铁站,21,4.9,6
『谧居』红博会展中心|龙塔|简约投影三居,698,近工程大学地铁站,7,5.0,6
哈尔滨鸿星酒店式公寓群力外滩休闲文化区豪华大床房,171,近哈尔滨西站地铁站,4,4.8,2
今生缘公寓 安静舒适大床,178,近黑龙江大学地铁站,2,5.0,2
哈尔滨住这吧酒店式公寓群力外滩休闲文化区特价大床房,162,近哈尔滨西站地铁站,1,5.0,2
近商圈近医院温馨私享私人影院/投影设备,198,None,None,None,2
【汐61舍】百寸投影 中央大街/索菲亚/防洪纪念塔/儿童医院/商圈,178,None,5,5.0,2
服装城学府凯德黑大理工精装公寓,178,近黑龙江大学地铁站,2,5.0,2
哈尔滨南岗福临门民宿龙塔/国际会展中心特价大床房,54,近哈东站地铁站,9,4.6,2
步行三分钟到中央大街蜜月大床房电梯高层,117,近博物馆地铁站,34,4.1,2
【至美・ 遇见索菲亚】长租特惠！冰雪大世界，中央大街 圣索菲亚大教堂 麦凯乐 网红桥 防洪纪念塔  ,169,None,2,4.9,2
哈尔滨美人鱼休闲公寓中央大街步行街/索菲亚大教堂/防洪纪念塔大床房,145,近博物馆地铁站,1,5.0,2
群力粉色温馨家庭房（王府井.远大）,168,近哈尔滨西站地铁站,1,5.0,3
哈尔滨清新雅居公寓中央大街步行街/索菲亚大教堂/防洪纪念塔豪华大床房,162,近博物馆地铁站,3,5.0,2
哈尔滨鸿星酒店式公寓群力外滩休闲文化区精品大床房,171,近哈尔滨西站地铁站,1,5.0,2
哈尔滨冰雪世界榕树豪华双床房,198,近博物馆地铁站,3,5.0,4
【勃莱梅】勃莱梅酒店(哈尔滨中央大街店)中央大街步行街/索菲亚大教堂/防洪纪念塔欧典商务房,393,近博物馆地铁站,40,4.7,2
近1号线近商圈,200,None,2,5.0,3
舒心精品公寓(哈尔滨西站店)哈尔滨西站/哈西万达广场欧式豪华大床房,198,近哈尔滨大街地铁站,1,5.0,2
哈什国际青年旅舍江南大学城温馨双床房(无窗),100,近学府路地铁站,36,4.8,2
普通大床房1,134,近哈西大街地铁站,2,5.0,2
三分钟到中央大街豪华小屋高层电梯,146,近博物馆地铁站,None,None,2
哈尔滨美丽佳人精品公寓中央大街步行街/索菲亚大教堂/防洪纪念塔温馨大床房,107,近博物馆地铁站,2,5.0,2
浪漫情侣大圆床中央大街、冰雪大世界索菲亚,169,近博物馆地铁站,2,5.0,2
馋眠酒店式公寓江南大学城麻将房,194,近理工大学地铁站,1,5.0,2
哈尔滨唐唐公寓江南大学城地中海主题房,134,近理工大学地铁站,2,4.5,2
【双子民宿】,148,None,2,5.0,2
碧水庄园度假别墅二店,1425,近江北大学城,82,4.9,15
哈尔滨鸿星酒店式公寓群力外滩休闲文化区浪漫情侣大床房,171,近哈尔滨西站地铁站,1,5.0,2
近商圈近医院落地窗，地铁口，交通便利，成熟社区,133,近医大二院地铁站,2,5.0,2
简约网 /红大床房，临近师大夜市，理工大,152,近理工大学地铁站,2,5.0,2
【至美 冰雪奇缘】波塞冬水世界俯瞰融创主题乐园 临冰雪大世界 太阳岛 中央大街，索菲亚教堂，大四室 ,423,None,4,4.4,8
哈尔滨周末电竞公寓江南大学城电竞单人间,180,近理工大学地铁站,4,4.8,1
经典假日公寓,188,近哈尔滨西站地铁站,19,4.9,2
九号小院轰趴别墅万达冰雪大世界,2094,None,4,5.0,32
太平国际机场24小时免费接送机大床房,93,近太平国际机场,86,4.6,2
【亿.宿家】东南亚风情麻将中央大街6人,340,近博物馆地铁站,41,4.7,6
哈尔滨佰斯特酒店式公寓哈尔滨西站/哈西万达广场标准大床房,128,近哈尔滨大街地铁站,1,5.0,2
哈尔滨群力远大公寓精品大床房,188,近哈尔滨西站地铁站,5,5.0,2
【橙途卓住】松浦大桥/纪念塔/江景一居,156,None,2,5.0,2
【橙途】哈理工/黑大林大/哈师大现代一居,185,None,3,4.9,4
哈西万达广场 豪华四人间,188,近哈尔滨大街地铁站,2,5.0,4
哈尔滨连发民宿中华巴洛克老道外文化区三人间(无窗),114,近烟厂地铁站,1,5.0,3
碧水庄园度假别墅,7600,近江北大学城,93,5.0,18
溪岸艺墅精品公寓,159,近哈尔滨西站地铁站,1,5.0,2
哈尔滨佳期似梦假日公寓中央大街步行街/索菲亚大教堂/防洪纪念塔双床A,168,近博物馆地铁站,9,4.8,4
哈尔滨越达公寓哈尔滨西站/哈西万达广场豪华大床房,115,近哈尔滨大街地铁站,2,4.8,2
哈尔滨观江精品民宿群力外滩休闲文化区一室大床房,152,None,2,5.0,2
乐松 林业大学 中医药美式小家庭,214,近理工大学地铁站,5,4.2,3
中央大街舒适宽敞落地大窗大床房,138,近博物馆地铁站,12,4.8,2
温馨经典景观大床房,168,None,2,5.0,2
【橙途】哈西站/万达/西城红场/明亮一居,174,None,11,5.0,2
哈尔滨顺和民宿中央大街步行街/索菲亚大教堂/防洪纪念塔浪漫圆床房,171,近博物馆地铁站,1,5.0,2
哈尔滨芒果酒店式精品公寓哈尔滨西站/哈西万达广场舒适大床房,143,近哈尔滨大街地铁站,42,4.8,2
娱乐麻将房,188,近哈尔滨大街地铁站,5,5.0,4
中央大街索菲亚教堂温馨舒适小屋,168,近博物馆地铁站,2,5.0,2
瑷度公寓(哈尔滨中央大街店)中央大街步行街/索菲亚大教堂/防洪纪念塔Kitty公主圆床房,153,近博物馆地铁站,3,5.0,2
哈尔滨唯家酒店式公寓哈尔滨站/果戈里商业区/医大一院特惠大床房,117,近医大一院地铁站,21,4.8,2
【橙途】哈西站/王府井/关东古巷/一居室,174,None,28,5.0,2
溪岸艺墅精品公寓,159,近哈尔滨西站地铁站,1,5.0,2
哈尔滨佳期似梦假日公寓中央大街步行街/索菲亚大教堂/防洪纪念塔双床A,168,近博物馆地铁站,9,4.8,4
哈尔滨越达公寓哈尔滨西站/哈西万达广场豪华大床房,115,近哈尔滨大街地铁站,2,4.8,2
哈尔滨观江精品民宿群力外滩休闲文化区一室大床房,152,None,2,5.0,2
乐松 林业大学 中医药美式小家庭,214,近理工大学地铁站,5,4.2,3
中央大街舒适宽敞落地大窗大床房,138,近博物馆地铁站,12,4.8,2
温馨经典景观大床房,168,None,2,5.0,2
【橙途】哈西站/万达/西城红场/明亮一居,174,None,11,5.0,2
哈尔滨顺和民宿中央大街步行街/索菲亚大教堂/防洪纪念塔浪漫圆床房,171,近博物馆地铁站,1,5.0,2
哈尔滨芒果酒店式精品公寓哈尔滨西站/哈西万达广场舒适大床房,143,近哈尔滨大街地铁站,42,4.8,2
娱乐麻将房,188,近哈尔滨大街地铁站,5,5.0,4
中央大街索菲亚教堂温馨舒适小屋,168,近博物馆地铁站,2,5.0,2
瑷度公寓(哈尔滨中央大街店)中央大街步行街/索菲亚大教堂/防洪纪念塔Kitty公主圆床房,153,近博物馆地铁站,3,5.0,2
哈尔滨唯家酒店式公寓哈尔滨站/果戈里商业区/医大一院特惠大床房,117,近医大一院地铁站,21,4.8,2
【橙途】哈西站/王府井/关东古巷/一居室,174,None,28,5.0,2
哈尔滨鸿星酒店式公寓群力外滩休闲文化区精品大床房,171,近哈尔滨西站地铁站,1,5.0,2
哈尔滨冰雪世界榕树豪华双床房,198,近博物馆地铁站,3,5.0,4
【勃莱梅】勃莱梅酒店(哈尔滨中央大街店)中央大街步行街/索菲亚大教堂/防洪纪念塔欧典商务房,393,近博物馆地铁站,40,4.7,2
近1号线近商圈,200,None,2,5.0,3
舒心精品公寓(哈尔滨西站店)哈尔滨西站/哈西万达广场欧式豪华大床房,198,近哈尔滨大街地铁站,1,5.0,2
哈什国际青年旅舍江南大学城温馨双床房(无窗),100,近学府路地铁站,36,4.8,2
普通大床房1,134,近哈西大街地铁站,2,5.0,2
三分钟到中央大街豪华小屋高层电梯,146,近博物馆地铁站,None,None,2
哈尔滨美丽佳人精品公寓中央大街步行街/索菲亚大教堂/防洪纪念塔温馨大床房,107,近博物馆地铁站,2,5.0,2
浪漫情侣大圆床中央大街、冰雪大世界索菲亚,169,近博物馆地铁站,2,5.0,2
馋眠酒店式公寓江南大学城麻将房,194,近理工大学地铁站,1,5.0,2
哈尔滨唐唐公寓江南大学城地中海主题房,134,近理工大学地铁站,2,4.5,2
【双子民宿】,148,None,2,5.0,2
碧水庄园度假别墅二店,1425,近江北大学城,82,4.9,15
哈尔滨鸿星酒店式公寓群力外滩休闲文化区浪漫情侣大床房,171,近哈尔滨西站地铁站,1,5.0,2
紧邻哈站北广场的粉色心语小窝,176,None,1,5.0,2
哈尔滨棒棒糖大床房,198,近博物馆地铁站,8,5.0,2
迷帐・宅  中央大街索菲亚儿童医院巴洛克,275,近烟厂地铁站,3,4.6,4
[夏.雪]近景观江小房 江畔戎庭 中央大街步行街 冰雪大世界 索菲亚教堂 儿童医院 过江索道 网红桥,178,None,1,5.0,2
哈尔滨安佳公寓中央大街步行街/索菲亚大教堂/防洪纪念塔优享大床房,143,None,2,5.0,2
中央大街/索菲亚教堂/冰雪大世界-浪漫房,159,近博物馆地铁站,8,4.9,2
香坊豪华双床房,178,近博物馆地铁站,3,5.0,4
都盟民宿(哈尔滨中央大街店)中央大街步行街/索菲亚大教堂/防洪纪念塔温馨家庭房(无窗),152,近博物馆地铁站,3,3.7,3
【丰光江景・融创】中央大街-松花江畔-索菲亚-网红桥-巴洛克-德云社-落地窗-直观江- VIP大投影,368,None,7,4.5,3
哈尔滨小敏公寓江南大学城北欧风格主题房,134,近理工大学地铁站,1,5.0,2
【橙途】哈尔滨东站/会展中心/时尚一居,174,None,94,4.9,2
哈尔滨e家精品公寓群力外滩休闲文化区特惠精品大床房,152,近哈尔滨西站地铁站,10,5.0,2
哈尔滨香树湾民宿融创旅游城/极地馆/松花江畔娱乐房,151,None,1,5.0,2
马迭尔娇龙商务民宿(哈尔滨中央大街店)中央大街步行街/索菲亚大教堂/防洪纪念塔雅致大床房,459,近博物馆地铁站,90,4.7,2
哈尔滨南岗时尚快捷民宿医大二院/哈南站四人间,122,近医大二院地铁站,1,5.0,4
【悠家】龙塔|森林植物园|中华巴洛克|戴秀湖公园|对画美术馆|现代简约一居室,198,None,1,4.8,2
哈尔滨凤凰佳期快捷民宿哈尔滨站/果戈里商业区/医大一院豪华四人间,168,近博物馆地铁站,1,5.0,4
哈尔滨群力远大优美酒店式公寓群力外滩休闲文化区情侣大床房,178,None,5,4.8,2
中央大街/索菲亚/冰雪大世界-大床房  ,178,近博物馆地铁站,10,4.9,2
哈尔滨天煜公寓龙塔/国际会展中心高级大床房,162,近博物馆地铁站,81,5.0,2
学府凯德尚品公寓,188,近理工大学地铁站,3,5.0,2
顾乡群力哈西中央大街冰雪大世界二花的家,169,None,1,5.0,2
哈尔滨中央大街金荣假日标准大床房,190,近博物馆地铁站,3,4.8,2
通江街 中央大街附近,169,近博物馆地铁站,1,5.0,2
【橙途】龙塔/红博会展中心/简约商务一居,174,None,None,None,2
芒果假日公寓近中央大街索菲亚教堂大床房,190,近博物馆地铁站,1,5.0,2
哈尔滨恒大公寓万达店哈尔滨西站/哈西万达广场特惠房,154,近哈尔滨大街地铁站,82,4.9,2
【驿居】驿居酒店(哈尔滨机场巴士高铁站店)哈尔滨西站/哈西万达广场驿居商务房,349,近哈尔滨大街地铁站,204,4.9,2
哈西万达广场温馨大床房,159,近哈尔滨大街地铁站,3,5.0,2
中央大街/索菲亚教堂/冰雪大世界-ins,178,近博物馆地铁站,7,4.9,2
紧邻哈站北广场的粉色心语小窝,176,None,1,5.0,2
哈尔滨棒棒糖大床房,198,近博物馆地铁站,8,5.0,2
迷帐・宅  中央大街索菲亚儿童医院巴洛克,275,近烟厂地铁站,3,4.6,4
[夏.雪]近景观江小房 江畔戎庭 中央大街步行街 冰雪大世界 索菲亚教堂 儿童医院 过江索道 网红桥,178,None,1,5.0,2
哈尔滨安佳公寓中央大街步行街/索菲亚大教堂/防洪纪念塔优享大床房,143,None,2,5.0,2
中央大街/索菲亚教堂/冰雪大世界-浪漫房,159,近博物馆地铁站,8,4.9,2
香坊豪华双床房,178,近博物馆地铁站,3,5.0,4
都盟民宿(哈尔滨中央大街店)中央大街步行街/索菲亚大教堂/防洪纪念塔温馨家庭房(无窗),152,近博物馆地铁站,3,3.7,3
【丰光江景・融创】中央大街-松花江畔-索菲亚-网红桥-巴洛克-德云社-落地窗-直观江- VIP大投影,368,None,7,4.5,3
哈尔滨小敏公寓江南大学城北欧风格主题房,134,近理工大学地铁站,1,5.0,2
【橙途】哈尔滨东站/会展中心/时尚一居,174,None,94,4.9,2
哈尔滨e家精品公寓群力外滩休闲文化区特惠精品大床房,152,近哈尔滨西站地铁站,10,5.0,2
哈尔滨香树湾民宿融创旅游城/极地馆/松花江畔娱乐房,151,None,1,5.0,2
马迭尔娇龙商务民宿(哈尔滨中央大街店)中央大街步行街/索菲亚大教堂/防洪纪念塔雅致大床房,459,近博物馆地铁站,90,4.7,2
哈尔滨南岗时尚快捷民宿医大二院/哈南站四人间,122,近医大二院地铁站,1,5.0,4
【悠家】龙塔|森林植物园|中华巴洛克|戴秀湖公园|对画美术馆|现代简约一居室,198,None,1,4.8,2
哈尔滨凤凰佳期快捷民宿哈尔滨站/果戈里商业区/医大一院豪华四人间,168,近博物馆地铁站,1,5.0,4
哈尔滨群力远大优美酒店式公寓群力外滩休闲文化区情侣大床房,178,None,5,4.8,2
中央大街/索菲亚/冰雪大世界-大床房  ,178,近博物馆地铁站,10,4.9,2
哈尔滨天煜公寓龙塔/国际会展中心高级大床房,162,近博物馆地铁站,81,5.0,2
学府凯德尚品公寓,188,近理工大学地铁站,3,5.0,2
顾乡群力哈西中央大街冰雪大世界二花的家,169,None,1,5.0,2
哈尔滨中央大街金荣假日标准大床房,190,近博物馆地铁站,3,4.8,2
通江街 中央大街附近,169,近博物馆地铁站,1,5.0,2
【橙途】龙塔/红博会展中心/简约商务一居,174,None,None,None,2
芒果假日公寓近中央大街索菲亚教堂大床房,190,近博物馆地铁站,1,5.0,2
哈尔滨恒大公寓万达店哈尔滨西站/哈西万达广场特惠房,154,近哈尔滨大街地铁站,82,4.9,2
【驿居】驿居酒店(哈尔滨机场巴士高铁站店)哈尔滨西站/哈西万达广场驿居商务房,349,近哈尔滨大街地铁站,204,4.9,2
哈西万达广场温馨大床房,159,近哈尔滨大街地铁站,3,5.0,2
中央大街/索菲亚教堂/冰雪大世界-ins,178,近博物馆地铁站,7,4.9,2
都挺好北欧风封闭小区紧邻学院路好停车,151,近江北大学城,3,5.0,2
哈尔滨如家公寓浪漫温馨房,168,近桦树街地铁站,2,5.0,2
哈尔滨巧克力时钟民宿永泰乐园度假区标准间,153,None,1,5.0,2
哈尔滨小敏公寓江南大学城特价房,126,近理工大学地铁站,2,5.0,2
喜洋洋快捷民宿(哈尔滨工大店)江南大学城标准间,125,近西大桥地铁站,None,None,2
哈尔滨如家公寓豪华大床房A,138,近哈东站地铁站,4,5.0,2
【睿柏】如家睿柏・云酒店(哈尔滨林业大学乐松凯旋广场店)江南大学城家庭房,317,近理工大学地铁站,105,4.5,4
哈尔滨荷月大酒店江南大学城锦绣家庭房,480,近学府路地铁站,17,4.5,3
松浦观江国际冰雪大世界雪博会科技学院11,328,近太平桥地铁站,4,5.0,4
君康大厦一居室/【群力三中】【轻工学校】,188,近哈尔滨西站地铁站,1,2.8,2
哈尔滨天煜公寓龙塔/国际会展中心豪华一室一厅套房,180,近博物馆地铁站,1,5.0,2
麻雀・西站・万达・Loft复式・四居八人间,390,None,5,4.5,8
浪漫鑫蓝主题民宿(哈尔滨西站万达广场店)哈尔滨西站/哈西万达广场暗香疏影房(无窗),136,近哈尔滨西站地铁站,10,4.8,2
爱情公寓/白色欧式大床房/爱建社区,158,近哈工大地铁站,2,5.0,2
哈尔滨群力远大星容寓酒店式公寓群力外滩休闲文化区标准双床房,162,近哈尔滨西站地铁站,21,4.9,3
