公司,职位,月薪,公司介绍,应聘要求,福利,职位关键词,上班地点
天邦股份,java开发工程师,12k-15k,其他 上市公司 2000人以上,经验1-3年 大专,“发展快”,Java MySQL ,[浦口区]
豪亿信息,java开发工程师,12k-20k,"数据服务,软件开发 不需要融资 50-150人",经验3-5年 本科,“五险一金 年终奖”,Java ,[雨花台区]
DAOCLOUD,JAVA开发工程师,12k-18k,"企业服务,数据服务 B轮 150-500人",经验3-5年 本科,“五险一金 带薪年假”,云计算 Java ,[建邺区]
上海中软华腾软件系统有限公司,java开发工程师,10k-15k,"企业服务,金融 上市公司 2000人以上",经验1-3年 本科,“周末双休 有大牛带 项目好 大平台”,绩效奖金 带薪年假 定期体检 管理规范 ,[江宁区]
森迈软件,java高级开发工程师,9k-11k・13薪,软件开发 未融资 15-50人,经验3-5年 大专,“大厂外协单位，职位稳定”,Java ,[玄武区]
森迈软件,Java开发工程师,8k-10k・13薪,软件开发 未融资 15-50人,经验3-5年 大专,“大厂外协单位，职位稳定”,大数据 信息安全 Java 全栈 数据库 ,[玄武区]
明略科技集团,java开发工程师,15k-25k,"数据服务,广告营销 D轮及以上 2000人以上",经验3-5年 本科,“福利待遇 发展前景”,电商 后端 Java Javascript ,[宁南]
微创软件,java开发工程师,15k-17k,"企业服务,移动互联网 不需要融资 2000人以上",经验3-5年 本科,“年终奖 六险一金”,Java MySQL ,[浦口区]
网新博创,java开发工程师,10k-15k,"企业服务,广告营销 不需要融资 500-2000人",经验3-5年 本科,“五险一金，餐补，通讯补贴，年终奖”,后端 MySQL ,[红山]
智器云,高级java开发工程师,14k-22k,"数据服务,企业服务 B轮 50-150人",经验5-10年 本科,“有竞争力的薪资福利，唾手可得的股权激励！”,移动互联网 工具软件 后端 ,[秦淮区]
智行科技,java开发工程师,8k-10k,"移动互联网,硬件 未融资 15-50人",经验3-5年 本科,“福利待遇、发展前景”,Java 数据库 人脸识别 ,[双龙大道]
易宝软件科技（南京）有限公司,java开发工程师,7k-12k,移动互联网 上市公司 150-500人,经验1-3年 本科,“双休，入职缴纳五险一金”,Java MySQL ,[小行]
端点科技,高级java开发工程师,20k-40k,"电商,消费生活 不需要融资 150-500人",经验3-5年 本科,"“牛人辈出,优厚福利,阿里系”",电商 大数据 分布式 中间件 Java ,[奥体]
易宝软件科技（南京）有限公司,java开发工程师,8k-12k,移动互联网 上市公司 150-500人,经验1-3年 本科,"“双休,五险一金,年终奖,季度奖”",,[雨花台区]
卓尔数科,java开发工程师,6k-10k,广告营销 不需要融资 150-500人,经验1-3年 本科,“发展前景好 团队优秀”,Java ,[雨花台区]
爱可生,java开发工程师,8k-15k,数据服务 不需要融资 150-500人,经验1-3年 本科,“带薪年假 技术大牛 饭补 团建”,Linux/Unix ,[东山]
武汉佰钧成技术有限责任公司,java开发工程师,10k-20k,移动互联网 不需要融资 2000人以上,经验3-5年 不限,“五险一金”,电商 客户端 后端 ,[小行]
博信通,java开发工程师,12k-16k,"企业服务,信息安全 未融资 2000人以上",经验3-5年 本科,“五险一金 周末双休 节日福利 季度团建”,后端 分布式 ,[浦口区]
悠卓约课,java工程师,6k-11k,移动互联网 天使轮 50-150人,经验1-3年 大专,“自主研发项目，发展前景广”,Java ,[建邺区]
明略科技集团,高级Java开发工程师,20k-25k・15薪,"数据服务,广告营销 D轮及以上 2000人以上",经验5-10年 本科,“AI独角兽、六险一金、福利年假、全薪病假”,电商 新零售 后端 分布式 ,[宁南]
南京学思,Java开发工程师,10k-20k,"数据服务,移动互联网 未融资 15-50人",经验3-5年 本科,“只要你有能力，这里是你展示的舞台”,Java 后端 数据库 软件开发 ,[夫子庙]
通服智慧物联科技（南京）有限公司,java,8k-12k,"软件开发,物联网 A轮 50-150人",经验1-3年 本科,“绩效奖金 福利待遇高 加班补贴 五险一金”,电商 ,[宁南]
通服智慧物联科技（南京）有限公司,JAVA高级开发工程师,15k-20k,"软件开发,物联网 A轮 50-150人",经验5-10年 本科,“五险一金 绩效奖金 节日福利 定期团建”,移动互联网 后端 Java 全栈 SOA ,[小行]
三只松鼠,JAVA开发工程师,15k-18k・15薪,电商 上市公司 2000人以上,经验3-5年 本科,“五险一金，绩效奖金，带薪年假，午餐补助”,Java ,[兴隆]
安徽五纪智能,Java开发工程师,12k-20k,人工智能 未融资 150-500人,经验3-5年 大专,“年终奖根据全年绩效发放2个月左右底薪”,后端 ,[安德门]
格尔软件,java高级开发工程师,15k-25k,信息安全 上市公司 150-500人,经验5-10年 本科,“上市公司 职业发展 福利待遇”,信息安全 Java MySQL ,[新街口]
特望,java开发工程师,15k-17k・13薪,"移动互联网,社交 未融资 150-500人",经验3-5年 大专,“福利健全、薪资优厚”,电商 ,[玄武区]
特望,java开发工程师,10k-16k,"移动互联网,社交 未融资 150-500人",经验3-5年 大专,“薪资待遇福利好”,电商 Java ,[玄武区]
北路软件,java开发工程师,12k-20k・13薪,物联网 未融资 150-500人,经验3-5年 本科,“自研产品、职位晋升”,Java ,[江宁区]
致知信息,JAVA高级开发工程师,12k-17k,"教育,软件开发 不需要融资 50-150人",经验3-5年 本科,“自研项目、定期调薪机会、定期体检、下午茶”,电商 大数据 Java 后端 MySQL ,[雨花台区]
鼎捷软件,高级java开发工程师,15k-20k,其他 上市公司 2000人以上,经验3-5年 本科,“内部培训，优秀团队”,Java Javascript MySQL ,[双龙大道]
法本信息,java开发工程师,10k-20k,"企业服务,软件开发 上市公司 2000人以上",经验3-5年 大专,“团队专业，项目稳定，全新技术，有发展前景”,中间件 ,[雨花台区]
南京学思,高级JAVA开发工程师,20k-30k,"数据服务,移动互联网 未融资 15-50人",经验5-10年 本科,“高薪高能”,MySQL Java 后端 ,[夫子庙]
易杰,java开发工程师-云平台,8k-13k・13薪,"移动互联网,社交 上市公司 150-500人",经验1-3年 本科,“平台好，福利佳”,Java 数据库 分布式 ,[宁南]
智盟电力,java开发工程师,10k-13k,"软件开发,物联网 未融资 50-150人",经验3-5年 本科,“13薪，双休，带薪年假，项目奖，年终奖”,移动互联网 后端 ,[浦口区]
江苏谷科软件有限公司,java开发工程师,8k-12k,"信息安全,金融 未融资 150-500人",经验1-3年 本科,“六险一金，生日节日福利，各类补贴”,后端 Linux/Unix J2EE ,[铁心桥]
安硕信息（amarsoft）,JAVA【南京】,7k-14k,金融 上市公司 2000人以上,经验1-3年 本科,"“稳定岗位,发展平台大，技术氛围好”",金融 Java ,[珠江路]
恒悦信息,Java（3年/基础好的),10k-15k,"移动互联网,电商 未融资 15-50人",经验3-5年 大专,“五险一金 年终奖节假日各种福利”,Java ,[江宁区]
广东睿盟科技,java开发工程师（南京）,4k-8k,"移动互联网,其他 不需要融资 50-150人",经验不限 本科,“带薪年假、周末双休、年终奖、员工免费体检”,工具软件 移动互联网 Shell MySQL 后端 软件开发 ,[鼓楼区]
广东睿盟科技,中级java开发工程师（南京）,7k-12k,"移动互联网,其他 不需要融资 50-150人",经验3-5年 本科,“带薪年假、周末双休、年终奖、免费员工体检”,工具软件 移动互联网 Java 后端 数据库 软件开发 ,[鼓楼区]
亚信,Java开发实习生,2k-4k,"企业服务,移动互联网 上市公司 2000人以上",经验应届毕业生 本科,“前沿技术，5G研发，弹性工作”,Java 数据库 ,[雨花台区]
北大医信,Java开发工程师（交付三部）,6k-10k,医疗丨健康 不需要融资 500-2000人,经验3-5年 本科,“五险一金，补充商业保险，餐补，通讯补”,Java ,[紫金山]
北大医信,Java中级开发工程师(南京),10k-20k,医疗丨健康 不需要融资 500-2000人,经验3-5年 本科,“五险一金，补充商业保险，餐补，通讯补”,后端 Java ,[南大]
四格互联,中级java开发工程师,7k-14k,移动互联网 C轮 150-500人,经验1-3年 本科,“五险一金、程序员节、扁平化管理、弹性工作”,Java ,[雨花台区]
红苹果网络,高级java工程师,15k-25k・13薪,移动互联网 不需要融资 15-50人,经验5-10年 本科,“项目奖金5%、不加班（965）、不出差”,Java 后端 服务器端 分布式 ,[建邺区]
红苹果网络,java中级开发工程师,10k-18k・13薪,移动互联网 不需要融资 15-50人,经验3-5年 本科,“不出差不加班 5%项目奖金提成”,电商 ,[双闸]
庐瓜网络,高级Java工程师,6k-12k,企业服务 未融资 少于15人,经验1-3年 不限,“旅游、生日、宿舍、项目奖、发展前景优”,专项奖金 定期体检 绩效奖金 定期旅游 ,[栖霞区]
途牛旅游网,java工程师(J12422),8k-13k,"电商,旅游 上市公司 2000人以上",经验1-3年 本科,“五险一金、弹性工作、优秀的同事”,Java ,[玄武区]
途牛旅游网,JAVA工程师(J12423),14k-18k,"电商,旅游 上市公司 2000人以上",经验3-5年 本科,“五险一金、弹性工作、优秀的同事”,Java ,[玄武区]
海万科技,java中高级开发工程师,10k-15k・15薪,"移动互联网,金融 不需要融资 500-2000人",经验3-5年 本科,“团队协助”,Web前端 Javascript ,[鼓楼区]
南京擎盾,Java开发工程师,10k-16k,移动互联网 B轮 150-500人,经验1-3年 本科,“节假日福利、餐补、加班补贴、五险一金”,大数据 移动互联网 后端 ,[小行]
南京擎盾,java高级开发工程师,20k-30k,移动互联网 B轮 150-500人,经验5-10年 本科,“节假日福利、餐补、加班补贴、五险一金”,大数据 移动互联网 后端 ,[小行]
网桥网络科技,高级java开发工程师,15k-19k,"软件开发,物联网 未融资 15-50人",经验3-5年 本科,“尽情释放自己，付出和回报永远成正比！”,移动互联网 大数据 数据库 软件开发 中间件 后端 ,[江宁区]
景枫集团,java后端,11k-15k,"房产家居,软件开发 不需要融资 500-2000人",经验5-10年 本科,“办公环境好 发展空间大 周末双休”,大数据 新零售 后端 Java ,[开发区]
网新新思,java开发工程师,8k-15k,"移动互联网,企业服务 上市公司 500-2000人",经验3-5年 大专,“五险一金，带薪年假”,后端 ,[雨花台区]
鼎捷软件,Java开发实习生（2021届）,7k-8k・14薪,其他 上市公司 2000人以上,经验应届毕业生 本科,“提供转正，薪酬福利齐全”,工具软件 Java ,[双龙大道]
中电广通,中级JAVA研发工程师,10k-15k,移动互联网 未融资 50-150人,经验3-5年 本科,"“五险一金,周末双休,弹性工时,前沿技术”",Javascript 分布式 J2EE Java ,[双龙大道]
中电广通,高级Java研发工程师,15k-25k,移动互联网 未融资 50-150人,经验5-10年 本科,"“专注技术,弹性工时,周末双休”",大数据 Java 后端 全栈 ,[双龙大道]
悦锦软件,JAVA中级软件工程师（南京）,8k-12k,"移动互联网,金融 未融资 150-500人",经验3-5年 本科,“员工体检 员工旅游”,Java MySQL ,[建邺区]
vivo,Java开发工程师(008118),25k-50k,硬件 不需要融资 2000人以上,经验5-10年 本科,“股票期权，午餐补助，交通补助，带薪年假”,后端 ,[雨花台区]
超正软件,java开发,12k-18k,移动互联网 不需要融资 150-500人,经验3-5年 本科,“外企、无加班、双休”,C++ Python Shell ,[江宁区]
格尔软件,Java中级开发工程师,10k-15k,信息安全 上市公司 150-500人,经验1-3年 本科,“上市公司 职业发展 福利待遇”,信息安全 Java ,[新街口]
北路软件,java架构师,20k-30k・13薪,物联网 未融资 150-500人,经验5-10年 本科,“自研产品”,Java 架构师 ,[江宁区]
帆软软件,java开发工程师,12k-20k,数据服务 不需要融资 500-2000人,经验1-3年 本科,“福利待遇 优秀团队”,大数据 工具软件 后端 ,[常府街]
武汉佰钧成技术有限责任公司,java开发,10k-16k,移动互联网 不需要融资 2000人以上,经验1-3年 本科,“国家规定节假日，五险一金，双休”,后端 JS Linux/Unix Shell ,[雨花台区]
申朴信息,java开发工程师,13k-22k,金融 未融资 150-500人,经验3-5年 本科,“五险一金”,Java Web前端 ,[雨花台区]
托付保,Java开发项目经理,15k-20k,"企业服务,软件开发 不需要融资 15-50人",经验5-10年 本科,“良好公司氛围”,系统架构 技术管理 架构师 运维管理 ,[江宁区]
司法云平台,java开发工程师,10k-18k・13薪,移动互联网 天使轮 500-2000人,经验1-3年 本科,“自研平台”,Java ,[雨花台区]
端点科技,Java开发实习生,3k-6k,"电商,消费生活 不需要融资 150-500人",经验应届毕业生 本科,"“福利优厚,牛人辈出”",J2EE Java ,[奥体]
六脉软件,Java 软件工程师,6k-12k,"移动互联网,企业服务 未融资 少于15人",经验1-3年 本科,“双休、生活补贴、五险、过节礼金、年终奖金”,服务器端 J2EE Java 软件开发 ,[安德门]
顺网科技,【2021校招】Java开发工程师,10k-15k・16薪,游戏 上市公司 500-2000人,经验应届毕业生 本科,“高大尚的办公环境 各种新奇的小玩意”,Java C++ ,[玄武区]
法本信息,java开发工程师,10k-18k・13薪,"企业服务,软件开发 上市公司 2000人以上",经验3-5年 大专,“五险一金，年假，调薪”,电商 新零售 Java 后端 分布式 中间件 ,[玄武区]
德科信息,java开发工程师,12k-18k・13薪,"软件开发,物联网 不需要融资 2000人以上",经验3-5年 大专,“大平台”,电商 后端 服务器端 信息检索 人脸识别 ,[雨花台区]
信联科技,java高级开发工程师,9k-15k,"信息安全,软件开发 未融资 50-150人",经验3-5年 本科,“岗位发展为java研发管理人员”,Java MySQL 软件开发 ,[江宁区]
信联科技,java开发工程师,6k-10k,"信息安全,软件开发 未融资 50-150人",经验1-3年 本科,“晋升通道：java高级开发工程师”,Java MySQL ,[江宁区]
上海易宝,Java开发工程师,13k-15k,移动互联网 未融资 150-500人,经验3-5年 本科,“双休，工作环境氛围好”,大数据 移动互联网 Java ,[雨花台区]
外勤365,java开发工程师,15k-22k,"移动互联网,企业服务 B轮 150-500人",经验1-3年 本科,“福利多多 晋升空间大 扁平管理”,后端 服务器端 ,[奥体]
小旗欧飞,java开发工程师,9k-14k,"电商,软件开发 上市公司 150-500人",经验3-5年 本科,“上市公司，稳定性强，发展空间大”,电商 Java ,[雨花台区]
上海易宝,java开发工程师,12k-22k,移动互联网 未融资 150-500人,经验3-5年 本科,“13薪，带薪年假，免费班车，五险一金等”,系统架构 软件开发 Javascript MySQL ,[安德门]
葛南实业,Java开发工程师,8k-13k,"硬件,移动互联网 不需要融资 15-50人",经验1-3年 本科,“绩效奖金 年终奖金 定期体检 市中心”,大数据 后端 服务器端 ,[中央路]
南京芯传汇电子科技有限公司,java开发工程师,15k-20k・14薪,"移动互联网,信息安全 未融资 150-500人",经验3-5年 本科,“14薪，双休、公司旅游、五险一金、有食堂、有交补”,MySQL Java ,[秦淮区]
嘉德启美,java开发工程师,10k-20k,企业服务 不需要融资 500-2000人,经验1-3年 本科,“五险一金，餐补300每月，有交补，通讯补”,,[建邺区]
马鞍山微光网络科技有限公司,java,18k-36k,"企业服务,其他 未融资 150-500人",经验应届毕业生 本科,“出国旅游、股票期权、年终奖金、免费公寓”,工具软件 Windows Javascript JS MySQL ,[雨花台区]
江苏高伟达,java开发工程师,8k-12k,"信息安全,移动互联网 不需要融资 150-500人",经验1-3年 本科,"“五险一金,双休,补贴,交通便利”",银行 ,[新街口]
巨泽科技,java开发工程师,12k-24k,"移动互联网,企业服务 未融资 15-50人",经验1-3年 本科,“五险一金、定期体检、生日福利、下午茶等”,本地生活 企业服务 Java 后端 ,[中央门]
悦能智能,高级JAVA开发工程师,15k-20k,"移动互联网,信息安全 未融资 15-50人",经验5-10年 大专,“五险一金，年终奖，福利补贴，定期体检”,工具软件 移动互联网 ,[雨花台区]
欣璐信息,Java开发工程师,8k-15k,"移动互联网,企业服务 未融资 15-50人",经验3-5年 本科,“五险，节日福利，带薪年假”,前端开发 Web前端 移动端 ,[玄武区]
网新博创,java开发工程师,5k-7k・13薪,"企业服务,广告营销 不需要融资 500-2000人",经验1年以下 本科,“政府软件开发 自主研发 团队氛围好”,Java 软件开发 ,[秦淮区]
阿里巴巴-新零售技术事业群,java软件工程师/技术专家,20k-40k,电商 上市公司 2000人以上,经验不限 本科,“电商行业下沉供应链市场”,电商 Java 后端 分布式 ,[双闸]
爱立信,java工程师,14k-22k・14薪,其他 上市公司 2000人以上,经验不限 本科,“福利好，不加班，500强”,通信/网络设备 Java 后端 ,[双龙大道]
拉勾猎头,中级Java开发-南京,10k-15k,"移动互联网,企业服务 D轮及以上 500-2000人",经验3-5年 本科,“团队大牛”,Java ,[江东门]
千百度国际,JAVA 开发,7k-11k,其他 上市公司 2000人以上,经验3-5年 本科,“平台大 发展好 带薪年假”,后端 ,[新街口]
三只松鼠,java开发工程师,10k-15k・15薪,电商 上市公司 2000人以上,经验1-3年 本科,“自研项目、六险一金、带薪年假、法定公休等”,电商 数据库 分布式 后端 Java ,[兴隆]
亚信科技（南京）有限公司,C++/Java开发工程师,8k-15k・13薪,移动互联网 未融资 2000人以上,经验不限 本科,“五险一金、十三薪、补充医保、话费补贴等”,Java Shell C++ ,[三牌楼]
vivo,Java开发工程师（商城）(006474),25k-50k,硬件 不需要融资 2000人以上,经验3-5年 本科,"“股票期权,精英团队,弹性工作”",移动互联网 后端 Java ,[雨花台区]
轩恩软件,JAVA工程师（高级）,11k-15k,"教育,数据服务 未融资 50-150人",经验3-5年 本科,“自主研发”,大数据 Java 软件开发 全栈 MySQL ,[秦淮区]
商禾信息科技有限公司,java实习,3k-4k,"移动互联网,电商 天使轮 50-150人",经验1年以下 大专,“扁平管理 发展空间大 办公环境好”,Java HTML/CSS Shell MySQL ,[雨花台区]
百助桔梗,JAVA工程师（南京）,18k-36k,软件开发 未融资 50-150人,经验3-5年 本科,“股票期权、14薪、出国游、五险一金”,Java MySQL Linux/Unix ,[雨花台区]
泛微,java开发工程师（南京）,8k-10k・13薪,"移动互联网,企业服务 上市公司 2000人以上",经验1-3年 本科,“上市公司、各类补贴、定期体检、带薪年假”,工具软件 企业服务 Java 软件开发 ,[雨花台区]
南京通通付,Java开发工程师,5k-10k,"移动互联网,电商 未融资 15-50人",经验1-3年 本科,“对接资本项目”,电商 社交 后端 服务器端 ,[玄武区]
南京通通付,Java开发工程师,6k-10k,"移动互联网,电商 未融资 15-50人",经验1-3年 本科,“互联网自研产品，有融资”,电商 本地生活 ,[玄武区]
悦能智能,java中级开发工程师,10k-15k,"移动互联网,信息安全 未融资 15-50人",经验3-5年 大专,“java”,后端 ,[雨花台区]
点众科技,高级java开发工程师,15k-30k,"移动互联网,文娱丨内容 不需要融资 150-500人",经验5-10年 本科,“年终奖、年度体检、全额五险一金”,移动互联网 后端 服务器端 ,[雨花台区]
信大气象研究院,java开发工程师,8k-10k,"数据服务,其他 未融资 15-50人",经验1-3年 本科,“周末双休 五险一金 定期体检 就餐补贴”,后端 Java ,[浦口区]
信大气象研究院,java开发工程师,8k-10k,"数据服务,其他 未融资 15-50人",经验1-3年 本科,“五险一金，双休”,MySQL 数据库 ,[浦口区]
嘉利兴业,Java开发工程师,8k-10k,其他 未融资 150-500人,经验1-3年 本科,“五险一金、年底双薪、节日福利、餐费补贴”,Java MySQL ,[夫子庙]
智器云,高级java开发工程师,14k-22k,"数据服务,企业服务 B轮 50-150人",经验5-10年 本科,“有竞争力的薪资福利，唾手可得的股权激励！”,Java 后端 软件开发 ,[红花]
拉勾猎头,中高级Java开发-南京,15k-20k,"移动互联网,企业服务 D轮及以上 500-2000人",经验3-5年 本科,“团队大牛”,后端 ,[江东门]
和悦信息,JAVA开发实习生（21届）,4k-6k,软件开发 未融资 15-50人,经验不限 本科,“技术培训、全栈开发”,Java 全栈 ,[雨花台区]
云柜,java开发工程师,10k-20k,"移动互联网,消费生活 未融资 500-2000人",经验3-5年 大专,“五险一金 通讯补贴 餐补 年终奖”,C++ 后端 ,[江浦]
联童,java高级开发工程师,15k-30k・13薪,"消费生活,数据服务 天使轮 500-2000人",经验5-10年 大专,“会员与crm”,电商 大数据 MySQL 分布式 中间件 搜索 ,[秦淮区]
联童,java开发工程师,14k-28k・13薪,"消费生活,数据服务 天使轮 500-2000人",经验3-5年 大专,“会员与crm”,电商 MySQL 中间件 docker 搜索 ,[秦淮区]
柏瑞斯特科技,java开发工程师,13k-18k,数据服务 天使轮 50-150人,经验3-5年 本科,“五险一金 双休”,后端 Java Javascript 数据库 ,[玄武区]
亚信,高级java开发工程师,15k-27k,"企业服务,移动互联网 上市公司 2000人以上",经验5-10年 本科,“前沿技术，5G研发，高薪资福利”,通信/网络设备 后端 Linux/Unix Java 分布式 ,[雨花台区]
苏宁云商集团互联网平台公司,Java开发工程师,15k-25k,电商 上市公司 2000人以上,经验3-5年 本科,“平台大，业务场景复杂有挑战”,J2EE MySQL ,[仙林]
一乙资本,高级java开发工程师,12k-22k,"移动互联网,金融 未融资 150-500人",经验3-5年 大专,“五险一金 包吃 双休”,电商 Java ,[雨花台区]
普惠恒丰,java开发工程师,10k-18k,"其他,信息安全 不需要融资 50-150人",经验1-3年 本科,“五险一金，周末双休、福利待遇优”,MySQL Java 图像处理 人脸识别 ,[雨花台区]
米途科技,java开发技术经理（外包）,9k-14k・13薪,"企业服务,教育 不需要融资 15-50人",经验3-5年 大专,“五险一金，年假，午餐补贴”,Java 软件开发 ,[安德门]
农信供应链管理,java开发工程师,7k-13k,企业服务、其他 天使轮 少于15人,经验1-3年 本科,“初创公司，未来无限可能”,企业服务 Java ,[玄武区]
中禹智慧水利研究院,java工程师,10k-15k,"数据服务,人工智能 不需要融资 50-150人",经验3-5年 本科,“五险一金 交通补助”,企业服务 大数据 C MySQL ,[雨花台区]
任我游,java高级开发工程师,10k-18k,"移动互联网,游戏 未融资 15-50人",经验3-5年 本科,“周末双休，团建活动，一年两次调薪”,Java ,[安德门]
云蜻蜓,Java开发工程师,8k-13k,软件开发 未融资 15-50人,经验1-3年 本科,“自营产品，项目产品线多，稳定”,Java MySQL ,[建邺区]
同善信息,JAVA开发工程师,4k-8k,"移动互联网,企业服务 未融资 少于15人",经验1-3年 本科,"“年假,保险,股权”",Java JS 中间件 MySQL ,[山西路]
南京启征,Java开发工程师,8k-13k・14薪,"信息安全,数据服务 未融资 50-150人",经验1-3年 本科,“晋升机制、一年两次调薪机会、年终奖平均14薪”,Java ,[浦口区]
CLPS,java开发工程师,13k-24k,"数据服务,金融 未融资 500-2000人",经验3-5年 本科,“氛围好，补贴多”,Java ,[雨花台区]
上海中软华腾软件系统有限公司,Java开发工程师,15k-25k,"企业服务,金融 上市公司 2000人以上",经验3-5年 本科,“不出差不外派”,后端 Java Javascript MySQL ,[江宁区]
恩核,java开发工程师,15k-20k,"数据服务,移动互联网 不需要融资 50-150人",经验5-10年 本科,“大数据软件公司，十天年假，发展空间大”,大数据 金融 ,[鼓楼区]
博云,java开发工程师,5k-10k,"移动互联网,企业服务 B轮 150-500人",经验1-3年 本科,“年度体检、补助、带薪培训”,云计算 Python docker MySQL ,[雨花台区]
雨润集团,java开发工程师,8k-13k,其他 不需要融资 2000人以上,经验3-5年 本科,“大平台，发展空间大，提供住宿、餐补”,后端 ,[建邺区]
领客科技,java开发工程师,8k-15k,"移动互联网,企业服务 未融资 15-50人",经验3-5年 不限,“时间自由”,后端 客户端 ,[奥体]
紫金保险,Java开发工程师,15k-25k,金融 不需要融资 2000人以上,经验3-5年 硕士,“国企，福利，互联网金融转型期”,保险 互联网金融 后端 全栈 Java 架构师 ,[建邺区]
北京睿企信息科技有限公司,java开发工程师,10k-20k,"移动互联网,信息安全 A轮 50-150人",经验1-3年 本科,“带薪年假、岗位晋升”,后端 ,[南大]
云和恩墨,java开发工程师,8k-15k・14薪,数据服务 不需要融资 500-2000人,经验3-5年 本科,“团队成熟 同事nice 福利补贴”,Java ,[栖霞区]
阿有料,JAVA开发工程师,7k-10k,"电商,消费生活 天使轮 15-50人",经验1-3年 本科,"“五险一金,工作氛围好”",Java ,[秦淮区]
浩鲸科技,java开发工程师,12k-16k,"移动互联网,企业服务 上市公司 2000人以上",经验3-5年 大专,“项目好”,Java ,[玄武区]
云帐房,Java开发工程师,15k-24k,"移动互联网,企业服务 B轮 150-500人",经验3-5年 本科,“六险一金、待遇优厚、节日福利”,电商 移动互联网 后端 分布式 Java MySQL ,[雨花台区]
口袋金融,java开发工程师,8k-16k,"移动互联网,金融 不需要融资 50-150人",经验1-3年 不限,“十四薪”,大数据 移动互联网 后端 ,[建邺区]
润和软件,java,12k-20k,移动互联网 上市公司 2000人以上,经验3-5年 本科,“双休、五险一金、年底双薪”,大数据 云计算 ,[安德门]
易宝软件科技（南京）有限公司,java开发工程师,7k-11k,移动互联网 上市公司 150-500人,经验1-3年 本科,“晋升空间大氛围好”,docker 后端 分布式 ,[小行]
易宝软件科技（南京）有限公司,高级java开发工程师,15k-25k・13薪,移动互联网 上市公司 150-500人,经验3-5年 本科,“晋升空间大 薪资高”,MySQL ,[小行]
明略科技集团,Java工程师,12k-20k・15薪,"数据服务,广告营销 D轮及以上 2000人以上",经验3-5年 本科,“AI独角兽、业务稳定、氛围好”,电商 企业服务 后端 分布式 ,[宁南]
明略科技集团,Java架构师(J11509),22k-35k,"数据服务,广告营销 D轮及以上 2000人以上",经验5-10年 本科,“带薪年假 团队氛围极佳”,电商 系统架构 架构师 决策能力 ,[宁南]
南京学思,java中级开发工程师,10k-18k,"数据服务,移动互联网 未融资 15-50人",经验3-5年 本科,“一年一次评优，优秀员工享国外家庭游。”,Java MySQL 后端 软件开发 ,[双塘]
南京学思,java资深开发工程师,18k-25k,"数据服务,移动互联网 未融资 15-50人",经验5-10年 本科,“制度齐全、晋升机制完善、支持转岗竞岗。”,工具软件 Java 全栈 后端 ,[双塘]
武汉佰钧成技术有限责任公司,java开发工程师,10k-15k,移动互联网 不需要融资 2000人以上,经验3-5年 本科,“入职即购买六险一金，早九晚六，周末双休”,Java MySQL ,[奥体]
特望,java开发工程师,10k-15k・13薪,"移动互联网,社交 未融资 150-500人",经验3-5年 本科,“双休 五险一金 节假日福利”,Java MySQL ,[雨花台区]
网新博创,java高级开发工程师,8k-13k・13薪,"企业服务,广告营销 不需要融资 500-2000人",经验3-5年 本科,“Java开发”,后端 分布式 ,[秦淮区]
武汉佰钧成技术有限责任公司,java开发工程师,14k-25k,移动互联网 不需要融资 2000人以上,经验3-5年 大专,“6险一金”,移动互联网 电商 分布式 Java ,[小行]
特望,java开发工程师,10k-16k,"移动互联网,社交 未融资 150-500人",经验3-5年 大专,“上市公司，待遇优秀，班车接送”,Java ,[玄武区]
孩子王,java开发工程师,15k-30k,消费生活 C轮 2000人以上,经验5-10年 本科,“母婴行业独角兽、互联网氛围、晋升灵活”,云计算 电商 后端 服务器端 客户端 平台 ,[江宁区]
伯俊科技,java开发工程师,8k-12k,"移动互联网,企业服务 未融资 15-50人",经验3-5年 大专,“职位稳定”,后端 服务器端 ,[秦淮区]
蒙亿网络,初级Java开发工程师,4k-7k,软件开发 未融资 50-150人,经验不限 大专,“五险一金 13薪 双休 包住宿”,Java ,[栖霞区]
睿恒智晟,java开发工程师,8k-15k,移动互联网 未融资 50-150人,经验1-3年 本科,"“MySQL,数据库,多线程”",MySQL ,[奥体]
司法云平台,JAVA开发工程师（法庭事业部）,8k-14k・13薪,移动互联网 天使轮 500-2000人,经验1-3年 本科,“双休 五险一金 办公环境优美”,Java ,[雨花台区]
司法云平台,JAVA 开发工程师,10k-18k・13薪,移动互联网 天使轮 500-2000人,经验3-5年 大专,“五险一金 年终奖 餐补车补”,移动互联网 Java 后端 ,[雨花台区]
众川科技,java开发工程师,6k-8k,"移动互联网,数据服务 未融资 少于15人",经验1-3年 本科,“五险一金、带薪年假、餐补、高温补贴、弹性工作”,大数据 Java MySQL ,[栖霞区]
欣璐信息,java开发工程师,15k-25k,"移动互联网,企业服务 未融资 15-50人",经验5-10年 不限,“五险，节日福利，带薪年假等”,后端 Linux/Unix Java ,[新街口]
瑞h科技,Java,4k-5k・13薪,"数据服务,软件开发 未融资 150-500人",经验应届毕业生 本科,“如您有能力且踏实肯干，该岗位前途无量”,移动互联网 Oracle ,[鼓楼区]
南京大牛信息科技有限公司,Java开发工程师,10k-15k,"移动互联网,数据服务 上市公司 50-150人",经验3-5年 本科,“交五险，双休”,移动互联网 ,[建邺区]
华为终端,java开发工程师,14k-28k,通讯电子 不需要融资 2000人以上,经验3-5年 本科,“跟华为同工作内容，同薪酬体系，同晋升渠道”,云计算 移动互联网 Java MySQL 后端 分布式 ,[宁南]
亚信,Java开发工程师,10k-15k,"移动互联网,企业服务 未融资 2000人以上",经验3-5年 本科,“年底双薪 绩效奖金 成长空间”,Java Javascript MySQL 服务器端 ,[铁心桥]
云帐房,java开发工程师,20k-30k・13薪,移动互联网 C轮 150-500人,经验5-10年 本科,“五险一金，节日福利，周末双休，专业培训”,移动互联网 后端 分布式 Java ,[宁南]
ZSPLAT,java开发工程师,6k-8k,"移动互联网,数据服务 未融资 15-50人",经验1-3年 大专,"“带薪年假,员工出游,节日福利,员工体检”",后端 ,[雨花台区]
Topdeep,java开发工程师,8k-12k,金融 未融资 15-50人,经验1-3年 本科,“五险一金、交通补贴、节日/生日福利、项目奖金”,移动互联网 金融 Java 后端 软件开发 ,[雨花台区]
半圆（南京）网络有限公司,java开发工程师,18k-30k,"社交,教育 不需要融资 50-150人",经验3-5年 本科,“餐补 周末双休 五险一金 加班补助”,HTML5 C C++ Java ,[仙林]
小拉科技,java初级开发工程师,7k-10k・13薪,"人工智能,软件开发 未融资 15-50人",经验1-3年 本科,“13薪 办公环境优越 交通便利 年底分红”,移动互联网 金融 Java 后端 软件开发 ,[宁南]
小拉科技,java中级开发工程师,10k-13k,"人工智能,软件开发 未融资 15-50人",经验3-5年 大专,“优秀团队 办公环境优越 交通便利”,电商 移动互联网 Java 全栈 后端 软件开发 ,[宁南]
江苏德冶文化传媒有限公司,Java开发工程师,6k-10k,软件开发 未融资 150-500人,经验1-3年 大专,“朝九晚六、五险一金、年底双薪、定期体检”,Java ,[梅园]
HTEK,java开发工程师,8k-15k,移动互联网 未融资 50-150人,经验1年以下 本科,“氛围好 提升快”,后端 服务器端 ,[安德门]
德基广场,Java开发工程师,15k-20k,消费生活 未融资 150-500人,经验3-5年 本科,“五险一金 领导nice 工作氛围好”,移动互联网 新零售 Java MySQL ,[玄武区]
Wishare,java高级开发工程师,13k-18k・14薪,"移动互联网,企业服务 A轮 50-150人",经验3-5年 本科,“体育领域，发展趋势良好，公司运营稳定”,体育 分布式 平台 中间件 J2EE ,[岔路口]
中兴华易,java开发工程师,9k-13k,移动互联网 未融资 150-500人,经验3-5年 本科,“五险一金、员工体检、带薪年假、年底双薪”,Java MySQL Linux/Unix ,[宁南]
字符变量,java开发工程师,12k-17k・13薪,"电商,广告营销 未融资 2000人以上",经验3-5年 大专,“年底双薪、晋升机会”,Java ,[雨花台区]
南京博锐星润软件科技有限公司,Java开发工程师,10k-15k・13薪,"数据服务,软件开发 未融资 15-50人",经验3-5年 大专,“熟练运用Linux操作系统SVN、GIT”,Java 后端 ,[雨花台区]
苏宁金融,Java开发工程师,15k-25k,金融 / /,经验3-5年 本科,“餐补、通讯补贴”,电商 支付 后端 服务器端 ,[梅园]
步锐捷,java开发工程师,14k-19k,移动互联网 不需要融资 50-150人,经验3-5年 本科,“双休，五险一金，年终奖，福利”,Java ,[建邺区]
RoyalPay,JAVA工程师,11k-15k,"移动互联网,电商 A轮 50-150人",经验1-3年 本科,“带薪年假 年度旅游 内部股票分红”,移动互联网 金融 后端 Java 分布式 SOA ,[兴隆]
易启策,Java开发工程师,11k-22k・14薪,"数据服务,消费生活 不需要融资 15-50人",经验3-5年 本科,“五险一金 加班补助 带薪年假 弹 节日福利”,Java ,[雨花台区]
字符变量,java开发工程师,12k-17k・13薪,"电商,广告营销 未融资 2000人以上",经验3-5年 本科,“平安项目”,Java ,[雨花台区]
通达海,Java开发工程师,10k-20k,移动互联网 不需要融资 500-2000人,经验3-5年 本科,“薪资福利优厚，项目稳定，适合长远稳定发展”,移动互联网 后端 Java ,[鼓楼区]
云蜻蜓,java开发工程师,8k-15k,软件开发 未融资 15-50人,经验1-3年 大专,“技术提升 领导力提升 掌握微服务”,Java ,[建邺区]
感动科技,java开发工程师,12k-20k,汽车丨出行 未融资 150-500人,经验3-5年 本科,“五险一金 双休 带薪年假 节日福利”,信息安全 ,[双塘]
聚英数安,Java开发工程师,5k-10k,"移动互联网,数据服务 未融资 少于15人",经验3-5年 本科,“前景良好，五险一金，工作稳定”,大数据 移动互联网 ,[鼓楼区]
狄邦教育集团,Java工程师,8k-12k,教育 未融资 500-2000人,经验1-3年 本科,“互联网教育，团队年轻有活力，福利完善”,教育 移动互联网 后端 Java MySQL ,[新街口]
SHEIN,高级Java开发工程师,15k-30k,"电商,移动互联网 C轮 2000人以上",经验3-5年 本科,“弹性工作、跨境电商、互联网氛围、大牛云集”,电商 分布式 Java ,[安德门]
感动科技,java高级开发工程师,15k-25k,汽车丨出行 未融资 150-500人,经验5-10年 本科,“晋升渠道 周末双休 办公环境好 国有控股”,Java MySQL docker 分布式 ,[双塘]
南京普恩信息技术有限公司,java开发工程师,6k-8k,"移动互联网,企业服务 未融资 50-150人",经验1-3年 本科,“朝九晚六 ；双休；福利；”,移动互联网 Java 后端 ,[宁南]
金智教育,java开发工程师,15k-28k,移动互联网 上市公司 500-2000人,经验不限 本科,“五险一金 周末双休 工作环境佳”,工具软件 教育 后端 Java ,[浦口区]
苏宁云商,Java开发工程师,14k-28k,"消费生活,金融 上市公司 500-2000人",经验不限 本科,“不错的发展前景，不错的团队”,电商 云计算 软件开发 云计算 Java 平台 ,[玄武区]
润和软件,java开发工程师,12k-18k,移动互联网 上市公司 2000人以上,经验3-5年 不限,“餐补”,服务器端 ,[安德门]
嘉环科技,Java开发工程师,7k-10k,"企业服务,数据服务 不需要融资 2000人以上",经验1-3年 本科,"“Java,Sprin”",Javascript ,[安德门]
嘉环科技,java开发工程师,2k-4k,"企业服务,数据服务 不需要融资 2000人以上",经验应届毕业生 本科,"“周末双休，五险一金,节日福利,团队活动”",后端 Java MySQL ,[雨花台区]
vivo,Java高级工程师（算法工程）(008304),25k-50k,硬件 不需要融资 2000人以上,经验3-5年 本科,"“弹性工作,股票期权,千万级用户,高并发系”",算法 ,[雨花台区]
托付保,java高级开发工程师,15k-25k,"企业服务,软件开发 不需要融资 15-50人",经验5-10年 本科,“技术管理”,后端 分布式 J2EE ,[开发区]
法本信息,Java开发工程师,13k-25k,"企业服务,软件开发 上市公司 2000人以上",经验3-5年 本科,“*********”,Java ,[雨花台区]
金证睿服,Java开发工程师,11k-16k,金融 上市公司 2000人以上,经验3-5年 本科,"“早九晚六双休
五险一金+年终奖+餐补交补”",金融 后端 ,[宁南]
睿辰欣创,Java软件工程师,15k-25k,"数据服务,消费生活 不需要融资 150-500人",经验5-10年 本科,"“技术大牛,双休,学习成长,年底分红”",中间件 Javascript MySQL 系统架构 ,[珠江路]
智器云,中级java开发工程师,10k-16k,"数据服务,企业服务 B轮 50-150人",经验3-5年 不限,“有竞争力的薪资福利，唾手可得的股权激励！”,工具软件 移动互联网 Java ,[红花]
飞搏软件,java高级开发工程师,15k-18k,"信息安全,其他 上市公司 150-500人",经验3-5年 本科,“清晰的职业通道”,大数据 后端 分布式 ,[宁南]
华为技术有限公司,java开发工程师,15k-30k・16薪,通讯电子 不需要融资 2000人以上,经验3-5年 本科,“绩效奖金，年终奖，带薪年假”,Java 后端 ,[雨花台区]
vivo,Java高级工程师（算法工程）(008304),25k-50k,硬件 不需要融资 2000人以上,经验3-5年 本科,"“弹性工作,股票期权,千万级用户,高并发系统”",算法 ,[雨花台区]
江苏火禾,java开发工程师,7k-14k,"移动互联网,其他 不需要融资 15-50人",经验1-3年 本科,“五险一金、带薪年假”,地图 其他 Java Python Hadoop MySQL ,[栖霞区]
翰竺科技（北京）有限公司,java开发工程师,10k-20k,"硬件,信息安全 不需要融资 500-2000人",经验3-5年 本科,“五险一金、带薪年假、交通便利”,MySQL docker Javascript HTML/CSS ,[江宁区]
联坤软件,java开发工程师,10k-15k・13薪,"移动互联网,企业服务 未融资 50-150人",经验3-5年 本科,"“五险一金,年终奖金，带薪年假,体检旅游”",移动互联网 Java MySQL ,[西桥]
友上科技,java开发工程师,6k-12k,其他 未融资 50-150人,经验3-5年 本科,“员工旅游，餐饮补贴，定期体检，专业培训”,大数据 云计算 ,[浦口区]
阿里巴巴-新零售技术事业群,Java开发工程师,25k-50k,电商 上市公司 2000人以上,经验3-5年 本科,“年底双薪，六险一金，股权激励”,电商 大数据 分布式 中间件 后端 服务器端 ,[奥体]
网新新思,Java开发工程师,10k-15k,"移动互联网,企业服务 上市公司 500-2000人",经验3-5年 本科,“金融 上市公司 五险一金 双休”,金融 ,[雨花台区]
网新新思,Java,10k-18k,"移动互联网,企业服务 上市公司 500-2000人",经验5-10年 大专,“上市企业/福利待遇”,绩效奖金 年底双薪 五险一金 带薪年假 ,[安德门]
江苏辉海信息科技有限公司,java开发工程师,8k-12k,企业服务 未融资 50-150人,经验1-3年 大专,“五险一金，年终奖，过节福利”,Java ,[江宁区]
云海,Java开发工程师,8k-11k,"数据服务,软件开发 未融资 少于15人",经验1-3年 本科,“薪酬丰厚，晋升空间大”,软件开发 Java ,[建邺区]
课通天下网,Java开发工程师,13k-18k,"消费生活,教育 A轮 15-50人",经验3-5年 本科,“行业前景好”,视频 云计算 Java 视频算法 流媒体转封装 音视频 ,[建邺区]
亚信,java开发工程师,10k-20k・13薪,"企业服务,移动互联网 上市公司 2000人以上",经验3-5年 本科,“上市公司 福利全面”,Java ,[定淮门]
亚信,java开发工程师,12k-20k,"企业服务,移动互联网 上市公司 2000人以上",经验3-5年 本科,“五险一金”,Java ,[雨花台区]
君度科技,Java高级开发工程师,13k-14k,"信息安全,数据服务 不需要融资 150-500人",经验5-10年 大专,“五险一金、餐饮补贴、年终奖金、员工旅游”,后端 ,[江宁区]
君度科技,java开发工程师,8k-13k,"信息安全,数据服务 不需要融资 150-500人",经验3-5年 大专,“五险一金、餐饮补贴、年终奖金、员工旅游”,后端 ,[江宁区]
爱游戏,JAVA开发工程师,8k-15k,"移动互联网,消费生活 上市公司 150-500人",经验3-5年 本科,“平台好”,游戏 Java ,[奥体]
苏宁金融,Java开发工程师,18k-22k,金融 / /,经验3-5年 本科,“年终14薪”,电商 后端 ,[玄武区]
嘉晟卓成新能源,java开发工程师,15k-25k,"通讯电子,软件开发 不需要融资 150-500人",经验1-3年 本科,“五险一金 技术大咖 发展空间大”,Java ,[应天西路]
神州信息,Java开发工程师,10k-20k,金融 上市公司 2000人以上,经验1-3年 本科,“互联网金融”,银行 后端 Java 分布式 ,[江浦]
金中天智能,Java开发工程师,15k-25k,软件开发、信息安全 不需要融资 150-500人,经验5-10年 本科,“技术骨干”,工具软件 移动互联网 后端 Java Linux/Unix MySQL ,[玄武区]
福康安养老服务,高级java开发工程师,15k-20k,"医疗丨健康,软件开发 不需要融资 50-150人",经验3-5年 本科,“晋升空间大、餐补、五险一金”,分布式 平台 系统架构 Java ,[奥体]
彩晔科技,java开发工程师,10k-16k,"移动互联网,电商 未融资 50-150人",经验3-5年 大专,"“五险一金,定期体检,年度旅游,发展空间大”",服务器端 ,[雨花台区]
彩晔科技,java开发工程师,12k-16k,"移动互联网,电商 未融资 50-150人",经验3-5年 大专,"“五险一金,定期体检,年度旅游,发展空间大”",Java ,[宁南]
好享家,java开发工程师,9k-15k,硬件 C轮 150-500人,经验1-3年 本科,“福利好 待遇高”,Java ,[月牙湖]
紫金保险,Java开发工程师,12k-22k,金融 不需要融资 2000人以上,经验3-5年 硕士,“金融服务、国企、福利待遇好、工作环境好”,保险 移动互联网 平台 J2EE Java 数据库 ,[建邺区]
江苏天鼎证券投资咨询有限公司,Java开发工程师,13k-18k,金融 不需要融资 150-500人,经验3-5年 大专,“福利多，公司规模大，研发团队成熟等”,Java ,[鼓楼区]
苏宁易购,Java开发工程师,14k-20k,"消费生活,移动互联网 上市公司 2000人以上",经验5-10年 本科,“认同”,Java ,[玄武区]
快钱,Java高级开发工程师,15k-25k,金融 不需要融资 2000人以上,经验3-5年 本科,"“平台机会多,上升空间大”",互联网金融 后端 ,[小行]
文枢,java开发工程师,8k-15k,"企业服务,数据服务 不需要融资 150-500人",经验1-3年 大专,“16薪”,企业服务 ,[南大]
亚信安全,java工程师,10k-20k,"信息安全,移动互联网 未融资 500-2000人",经验3-5年 本科,“拒绝996、热爱技术、热爱团队、拥抱变化”,信息安全 通信/网络设备 后端 Linux/Unix 平台 Java ,[雨花台区]
德风新征程信息,Java开发工程师,10k-20k,软件开发、数据服务 未融资 15-50人,经验1-3年 本科,“挑战高薪”,大数据 通信/网络设备 Lua Java Delphi 数据库 ,[玄武区]
中芯物联,Java开发实习生,3k-4k,"人工智能,软件开发 不需要融资 50-150人",经验不限 大专,“人性化管理”,C++ ,[浦口区]
斑马软件,中级java开发工程师,14k-19k・13薪,电商 A轮 50-150人,经验3-5年 大专,“五险一金、团建多多”,Java ,[宁南]
斑马软件,资深java开发工程师,20k-28k・13薪,电商 A轮 50-150人,经验5-10年 大专,“五险一金、团建多多”,,[宁南]
阿农物联网,java软件工程师,8k-11k・13薪,"软件开发,物联网 未融资 少于15人",经验3-5年 本科,“双休、带薪年假”,Node.js ,[浦口区]
小黑鱼科技有限公司,java研发工程师,11k-17k,"移动互联网,金融 未融资 150-500人",经验1-3年 本科,“前景广阔，待遇好”,金融 工具软件 Java ,[栖霞区]
汇鑫融智,高级java开发工程师,10k-15k,医疗丨健康 未融资 50-150人,经验1-3年 本科,“五险一金，双休”,医疗健康 大数据 Java MySQL J2EE ,[鼓楼区]
上海中软华腾软件系统有限公司,java开发工程师,13k-26k,"企业服务,金融 上市公司 2000人以上",经验3-5年 本科,“入职五险一金、项目稳定、技术最新”,移动互联网 Java 后端 分布式 软件开发 ,[江宁区]
苏宁置业,java高级开发工程师,15k-25k,"移动互联网,消费生活 不需要融资 2000人以上",经验3-5年 本科,“15k-20k”,电商 大数据 系统架构 全栈 J2EE 分布式 ,[玄武区]
中建八局三公司,Java开发工程师,10k-18k,"企业服务,软件开发 上市公司 2000人以上",经验1-3年 本科,“java”,Java ,[仙林]
阿里巴巴-B类事业群,Java开发工程师,20k-40k,电商 上市公司 2000人以上,经验3-5年 本科,“行业风口、分布式架构，大量P6/P7hc”,电商 新零售 后端 中间件 分布式 ,[南大]
泰泽科技,Java开发工程师,10k-15k,移动互联网 天使轮 少于15人,经验1-3年 本科,“1、入职缴纳六险一金，2、周末双休，”,Java 分布式 Python C ,[小行]
花乃井商贸,java开发工程师,12k-20k,电商 未融资 15-50人,经验5-10年 本科,“java 跨境电商”,Java 分布式 ,[雨花台区]
速度中国,Java研发工程师,11k-20k,企业服务 上市公司 500-2000人,经验1年以下 本科,“六险一金、带薪年假”,地图 Java 全栈 ,[玄武区]
邦筹,java开发工程师,5k-10k,"移动互联网,电商 天使轮 15-50人",经验1-3年 不限,"“五险一金,绩效奖金,多次调薪,带薪年假”",电商 Java ,[开发区]
江苏享佳健康,java高级开发工程师,15k-20k,电商 不需要融资 500-2000人,经验5-10年 本科,“六险一金，各种补贴，节日福利，国内外旅游”,后端 ,[江宁区]
易宝软件科技（南京）有限公司,java开发工程师,12k-24k,移动互联网 上市公司 150-500人,经验3-5年 本科,“技术先进 扁平管理 领导nice”,Java ,[安德门]
易宝软件科技（南京）有限公司,Java开发工程师,10k-20k,移动互联网 上市公司 150-500人,经验3-5年 本科,“只要你有技术，钱不是问题”,大数据 移动互联网 Java Hadoop 后端 MySQL ,[雨花台区]
明略科技集团,Java开发工程师(J10510),10k-15k・15薪,"数据服务,广告营销 D轮及以上 2000人以上",经验1-3年 本科,"“大牛多,学习型组织”",Java ,[宁南]
武汉佰钧成技术有限责任公司,java开发工程师,10k-15k,移动互联网 不需要融资 2000人以上,经验3-5年 本科,“六险一金 周末双休”,Java 软件开发 Python ,[建邺区]
武汉佰钧成技术有限责任公司,JAVA开发工程师（VIVO手机项目）,14k-23k,移动互联网 不需要融资 2000人以上,经验1-3年 本科,“六险一金 氛围好 薪资可谈”,Java 分布式 中间件 服务器端 ,[雨花台区]
特望,java中级开发工程师,11k-20k・14薪,"移动互联网,社交 未融资 150-500人",经验3-5年 大专,“上市公司”,Java ,[玄武区]
感动科技,Java软件工程师,10k-15k・13薪,汽车丨出行 未融资 150-500人,经验3-5年 本科,“五险一金 双休”,Java ,[双塘]
网新新思,java开发工程师,10k-17k,"移动互联网,企业服务 上市公司 500-2000人",经验3-5年 本科,“五险一金，加班补助，带薪年假”,医疗健康 通信/网络设备 后端 ,[宁南]
嘉环科技,java工程师,6k-9k,"企业服务,数据服务 不需要融资 2000人以上",经验1-3年 本科,“公司重点团队，五险一金不定期团建”,通信/网络设备 ,[雨花台区]
贝登医疗,java开发工程师,15k-20k・15薪,"移动互联网,电商 B轮 150-500人",经验3-5年 本科,“公司前景 福利薪资 办公氛围”,医疗健康 移动互联网 Java 后端 ,[秦淮区]
苏宁云商集团互联网平台公司,高级java开发工程师,20k-35k・14薪,电商 上市公司 2000人以上,经验5-10年 本科,“高并发，分布式应用场景”,电商 软件开发 数据库 分布式 Java ,[仙林]
昆山语汐网络,Java开发工程师,12k-18k,"移动互联网,电商 未融资 少于15人",经验3-5年 不限,“BAT团队 不打卡 福利好 发展空间大”,新零售 移动互联网 Java Javascript MySQL 分布式 ,[新街口]
氦薪科技,java高级开发工程师,12k-16k,"数据服务,人工智能 未融资 少于15人",经验3-5年 本科,“五险”,企业服务 分布式 服务器端 区块链 Java ,[栖霞区]
端木软件,java开发工程师,10k-15k,"移动互联网,电商 未融资 50-150人",经验3-5年 大专,"“五险一金,节假日福利,年终奖,旅游”",Java ,[江东]
太元智音,java开发工程师,10k-15k,"移动互联网,硬件 A轮 50-150人",经验1-3年 本科,"“双休,五险一金,项目好,薪资高”",后端 Java ,[江宁区]
南京微小宝信息技术有...,java开发工程师,6k-11k,"移动互联网,其他 未融资 50-150人",经验1-3年 本科,“氛围融洽 薪资丰厚 员工活动丰富”,MySQL Shell 后端 ,[江宁区]
南京先越,java开发工程师,10k-16k,软件开发、物联网 未融资 150-500人,经验3-5年 本科,“地铁沿线，弹性上班时间”,电商 后端 ,[雨花台区]
易宝软件科技（南京）有限公司,java,13k-24k,移动互联网 上市公司 150-500人,经验3-5年 本科,“五险一金，绩效奖金，周末双休，节日福利”,移动互联网 ,[小行]
易宝软件科技（南京）有限公司,java开发工程师,7k-12k,移动互联网 上市公司 150-500人,经验1-3年 本科,“上市公司五险一金年终奖”,Java 后端 软件开发 ,[小行]
武汉佰钧成技术有限责任公司,java开发工程师,13k-26k,移动互联网 不需要融资 2000人以上,经验5-10年 本科,“六险一金 绩效奖金 下午茶 生日会”,新零售 电商 ,[小行]
武汉佰钧成技术有限责任公司,Java开发工程师,12k-20k,移动互联网 不需要融资 2000人以上,经验3-5年 本科,“云计算”,云计算 大数据 Java 分布式 后端 云计算 ,[奥体]
领@科技,Java开发工程师,10k-20k・13薪,软件开发、区块链 未融资 少于15人,经验3-5年 本科,“能力和态度决定一切”,即时通讯 移动互联网 Golang MySQL 数据库 服务器端 ,[玄武区]
德融嘉信,java开发工程师,10k-15k,移动互联网 不需要融资 50-150人,经验1-3年 不限,“六险一金、年底双薪、专业培训”,企业服务 工具软件 后端 Java 企业软件 PHP ,[尧化]
苏宁云商,java高级开发工程师,15k-25k,"消费生活,金融 上市公司 500-2000人",经验5-10年 本科,“福利待遇好、团队氛围融洽”,电商 广告营销 Java ,[玄武区]
康立健,Java开发工程师,12k-17k,"电商,医疗丨健康 未融资 50-150人",经验3-5年 大专,“双休”,Java ,[雨花台区]
DATAONV,java开发工程师,6k-8k,"教育,数据服务 未融资 15-50人",经验1-3年 本科,“五险一金 节日福利 全勤奖 带薪年假”,大数据 教育 Javascript MySQL ,[宁南]
通力互联,java高级开发工程师,11k-22k,软件开发 不需要融资 2000人以上,经验3-5年 本科,“绩效奖金 五险一金 双休 年终奖”,Java ,[江宁区]
域点科技,Java开发工程师,7k-11k,软件开发 未融资 少于15人,经验1-3年 本科,“周末双休”,电商 Java ,[开发区]
笃行科技,Java开发工程师,10k-20k,"移动互联网,企业服务 不需要融资 15-50人",经验5-10年 本科,"“五险一金,项目提成,团队旅游”",云计算 大数据 J2EE 架构师 系统集成 图像识别 ,[铁心桥]
顶象,高级java开发工程师,15k-30k・16薪,"信息安全,企业服务 A轮 150-500人",经验5-10年 本科,“有挑战，有空间”,信息安全 金融 Java docker MySQL 服务器端 ,[雨花台区]
华为技术有限公司,Java开发工程师,15k-25k,通讯电子 不需要融资 2000人以上,经验不限 本科,“薪资有竞争力”,后端 ,[雨花台区]
中路工程研究院,java开发工程师,8k-15k,"物流丨运输,软件开发 上市公司 150-500人",经验1-3年 本科,“给自己一个梦想的舞台”,信息安全 大数据 C++ 客户端 MySQL Java ,[奥体]
江苏谷科软件有限公司,java开发工程师,8k-15k,"信息安全,金融 未融资 150-500人",经验1-3年 本科,“六险一金、年终奖、一年两次调薪机会”,Java ,[雨花台区]
易宝软件科技（南京）有限公司,java开发工程师,13k-25k,移动互联网 上市公司 150-500人,经验3-5年 本科,“双休，领导nice，工作氛围愉悦，福利好~”,Java MySQL 后端 数据库 ,[小行]
易宝软件科技（南京）有限公司,java开发工程师,8k-10k,移动互联网 上市公司 150-500人,经验应届毕业生 本科,“双休 饭补”,Java MySQL ,[小行]
欧奔软件,Java开发工程师,8k-15k,软件开发 不需要融资 15-50人,经验3-5年 本科,“机械智能制造，发展前景好！”,软件开发 ,[新街口]
武汉佰钧成技术有限责任公司,java开发工程师,10k-12k,移动互联网 不需要融资 2000人以上,经验3-5年 本科,“薪资高、年度调薪2次、交六险一金”,Java MySQL 软件开发 ,[奥体]
君联软件,java开发工程师,9k-13k,"移动互联网,消费生活 天使轮 50-150人",经验3-5年 本科,“五险一金”,后端 ,[雨花台区]
永银文化,Java高级开发工程师,25k-40k,"金融,广告营销 不需要融资 500-2000人",经验5-10年 本科,“发展前景”,Java Javascript ,[秦淮区]
大黄鸭科技,java开发工程师,9k-18k・14薪,"移动互联网,不限 未融资 15-50人",经验3-5年 本科,“五险一金、节日福利、项目奖金”,硬件制造 Java Shell MySQL Python ,[秦淮区]
飞梦网络,Java开发工程师,6k-8k,文化娱乐 / /,经验1-3年 本科,“定期团建，年终福利，欢迎广大小伙伴加入”,移动互联网 后端 Java ,[江宁区]
中电28所,Java开发工程师,14k-28k,"移动互联网,信息安全 不需要融资 2000人以上",经验不限 硕士,“五险一金 住房补贴 带薪年假 员工旅游”,大数据 工具软件 后端 Java 中间件 分布式 ,[苜蓿园]
苏宁云商集团互联网平台公司,java高级开发工程师,15k-22k・14薪,电商 上市公司 2000人以上,经验5-10年 本科,“业务发展快，公司技术栈成熟，研发流程规范”,电商 Java MySQL 后端 ,[玄武区]
南京荣创,Java,8k-13k,移动互联网 未融资 50-150人,经验3-5年 大专,“双休、五险一金、节日福利”,J2EE 后端 ,[安德门]
南京荣创,java开发工程师,4k-8k,移动互联网 未融资 50-150人,经验1-3年 大专,"“五险一金,节日福利,年底双薪”",金融 J2EE Java SOA ,[安德门]
天猫,Java开发工程师,20k-40k・13薪,电商 上市公司 2000人以上,经验不限 本科,“大牛比较多，晋升空间大，福利待遇好”,电商 Java 分布式 ,[奥体]
南京亚信,Java开发工程师,10k-18k,移动互联网 未融资 2000人以上,经验3-5年 本科,“年底双薪、年终奖、氛围好，福利待遇完善”,服务器端 分布式 中间件 Java ,[雨花台区]
金智教育,java开发工程师,15k-25k,移动互联网 上市公司 500-2000人,经验3-5年 本科,"“五险一金,餐补,交通补,话补”",后端 Java ,[百家湖]
先进数通,Java开发工程师,10k-15k,"软件开发,其他 上市公司 500-2000人",经验3-5年 本科,“双休 五险一金”,银行 后端 ,[奥体]
华为技术有限公司,java开发工程师,15k-28k,通讯电子 不需要融资 2000人以上,经验3-5年 本科,“薪资对其华为”,视频流转码 视频预处理 视频识别 视频编解码 ,[宁南]
卡佩希,Java开发工程师,15k-25k,"电商,移动互联网 不需要融资 50-150人",经验5-10年 本科,“补充医疗险，年终奖，员工旅游，节日福利”,电商 ,[江宁区]
南京德融嘉信,java工程师,8k-13k,"移动互联网,企业服务 不需要融资 50-150人",经验1-3年 大专,“五险一金、商业保险、年终奖金、年度体检”,企业服务 后端 PHP ,[尧化]
浩鲸科技,java开发工程师,12k-24k,"移动互联网,企业服务 上市公司 2000人以上",经验5-10年 本科,“14薪，餐补，交通补，班车接送，七险一金”,后端 软件开发 分布式 云计算 ,[江宁区]
乾创电子,java开发工程师,5k-10k,移动互联网 未融资 15-50人,经验1-3年 本科,“双休、五险一金、节日福利”,ASP Java PHP 音视频 ,[雨花台区]
动维,java开发工程师,5k-8k,"移动互联网,企业服务 不需要融资 15-50人",经验1-3年 大专,“国家电网项目”,Java ,[浦口区]
新联电子,java高级开发工程师,12k-20k・14薪,"移动互联网,其他 上市公司 500-2000人",经验3-5年 本科,“负责公司前沿产品开发，上升空间大”,Java ,[江宁区]
卓望公司,java开发工程师,15k-20k・14薪,"信息安全,数据服务 不需要融资 2000人以上",经验5-10年 本科,“扁平化管理 项目稳定 待遇好”,Java ,[奥体]
易宝软件科技（南京）有限公司,java开发工程师,13k-22k,移动互联网 上市公司 150-500人,经验3-5年 本科,“五险一金加班补助定期体检免费班车项目奖金”,MySQL Java 数据库 ,[小行]
易宝软件科技（南京）有限公司,java开发工程师,10k-15k,移动互联网 上市公司 150-500人,经验1-3年 本科,“双休，加班少，氛围好，薪资福利待遇好。”,Java ,[小行]
卓望公司,java开发工程师,15k-25k,"信息安全,数据服务 不需要融资 2000人以上",经验5-10年 本科,“扁平化管理 项目稳定 待遇好”,后端 J2EE Java Javascript ,[奥体]
南京优倍自动化系统有限公司,JAVA开发工程师,10k-15k,移动互联网 未融资 50-150人,经验3-5年 本科,"“JAVA,客户端,仿真”",Web前端 ,[百家湖]
江苏华睿投资,java开发工程师,14k-20k・13薪,金融 不需要融资 15-50人,经验不限 本科,“五险一金额外医保，弹性工作，正常双休”,大数据 Java MySQL ,[浦口区]
鲸锁云,Java开发工程师,12k-18k,企业服务、软件开发 未融资 15-50人,经验3-5年 大专,“五险一金，项目奖金，绩效奖金”,大数据 工具软件 Java 数据库 软件开发 ,[鼓楼区]
中兴华易,java高级开发工程师,13k-18k,移动互联网 未融资 150-500人,经验3-5年 本科,“五险一金 做五休二 年底双薪 年度体检”,Java MySQL 后端 ,[宁南]
叶子科技,java开发工程师,12k-22k,电子商务 / /,经验3-5年 本科,“双休 午餐补贴 健康体检 旅游”,Java 分布式 docker 后端 ,[奥体]
国脉物联,Java开发工程师,8k-14k,"软件开发,物联网 未融资 50-150人",经验3-5年 本科,“薪酬福利 晋升空间”,Java ,[浦口区]
南京毅成达,java开发工程师,10k-15k,企业服务 未融资 15-50人,经验3-5年 本科,“团队氛围好”,服务器端 ,[江东]
南京赫唐信息科技有限...,Java开发工程师,10k-20k,移动互联网 不需要融资 少于15人,经验不限 不限,“不加班”,企业服务 Java ,[百家湖]
华为终端,Java开发工程师,15k-30k,通讯电子 不需要融资 2000人以上,经验3-5年 本科,“优厚待遇，发展空间，有机会转入华为”,C++ Android Java IOS ,[雨花台区]
蚂蚁集团,java开发工程师,20k-40k,"金融,移动互联网 B轮 2000人以上",经验3-5年 不限,“异地补贴”,互联网金融 服务器端 后端 ,[奥体]
华为技术有限公司,Java开发工程师,15k-30k,通讯电子 不需要融资 2000人以上,经验3-5年 本科,“舍得给钱”,云计算 大数据 中间件 分布式 服务器端 机器学习 ,[雨花台区]
易宝软件科技（南京）有限公司,Java开发工程师,12k-24k,移动互联网 上市公司 150-500人,经验3-5年 本科,“易宝薪资高于同行～”,Java ,[小行]
易宝软件科技（南京）有限公司,java开发工程师,10k-15k,移动互联网 上市公司 150-500人,经验3-5年 本科,“双休 班车 通讯补贴”,Java ,[雨花台区]
端木软件,java开发工程师,10k-15k,"移动互联网,电商 未融资 50-150人",经验3-5年 不限,“五险一金 节假日福利 周末双休”,后端 ,[江东]
苏宁易购,Java开发工程师,16k-30k,"消费生活,移动互联网 上市公司 2000人以上",经验5-10年 本科,“负责支付核心系统”,电商 ,[玄武区]
贝特威,java开发工程师,10k-20k,"人工智能,软件开发 不需要融资 少于15人",经验3-5年 本科,“五险一金，交通补助，带薪年假，节日福利”,其他 MySQL Node.js Shell HTML/CSS ,[栖霞区]
江苏卓游,java,12k-15k,游戏 未融资 50-150人,经验3-5年 不限,“五险一金 梦想基金”,游戏 Linux/Unix ,[建邺区]
千千氏,Java开发工程师,7k-14k,消费生活 未融资 500-2000人,经验1-3年 本科,“五险一金，双休，发展空间大”,后端 Java MySQL ,[玄武区]
德风,java开发工程师,14k-22k,"企业服务,数据服务 B轮 50-150人",经验3-5年 大专,“五险一金，年终奖，项目奖金，周末双休”,Java ,[栖霞区]
金证股份,Java开发工程师,11k-16k,金融 上市公司 2000人以上,经验3-5年 大专,"“早九晚九双休
五险一金+年终奖+餐补交补”",后端 ,[宁南]
一应科技,java开发工程师,10k-20k,物联网、数据服务 天使轮 150-500人,经验3-5年 不限,“六险一金 技术大牛 福利多多”,电商 新零售 平台 J2EE ,[雨花台区]
51,Java开发工程师,9k-15k,"社交,旅游 不需要融资 15-50人",经验3-5年 本科,“13薪，较快的上升空间”,医疗健康 工具软件 后端 Java ,[南大]
云信达,java开发工程师,10k-18k,"移动互联网,数据服务 A轮 50-150人",经验3-5年 本科,“公司大牛 美女如云”,后端 Java ,[浦口区]
合荣欣业,Java开发工程师,8k-12k,企业服务 不需要融资 500-2000人,经验1-3年 本科,"“银行软件,优质团队,自研产品”",银行 Java JS ,[光华路]
华为技术有限公司,java开发工程师,15k-30k,通讯电子 不需要融资 2000人以上,经验不限 本科,“世界500强 提供有竞争力的薪酬待遇”,通信/网络设备 Java ,[宁南]
易宝软件科技（南京）有限公司,java开发工程师,13k-25k,移动互联网 上市公司 150-500人,经验3-5年 本科,“五险一金 免费班车 绩效奖金 弹性工作”,Java Javascript MySQL ,[小行]
易宝软件科技（南京）有限公司,高级java开发工程师,13k-26k,移动互联网 上市公司 150-500人,经验3-5年 本科,“双休 五险一金 项目奖金”,中间件 服务器端 后端 MySQL ,[小行]
华为,Java开发工程师,10k-19k,不限 不需要融资 2000人以上,经验3-5年 本科,“接触最前沿产品技术，成为高并发技术的专家”,电商 分布式 docker MySQL 软件开发 ,[宁南]
阚宇软件,Java开发工程师,20k-30k,软件开发 / /,经验5-10年 本科,“年底14-20薪，周末双休，带薪年假等”,电商 支付 HTML5 Javascript Java Hadoop ,[小市]
南京杰谱企业管理咨询有限公司,Java开发工程师,7k-14k,人工智能 未融资 150-500人,经验不限 本科,“朝阳行业，优势资源”,物流 ,[雨花台区]
金开门,java工程师,6k-12k,"移动互联网,金融 天使轮 50-150人",经验3-5年 本科,“福利待遇佳，公司氛围好。”,电商 新零售 后端 平台 客户端 服务器端 ,[雨花台区]
开江科技,java工程师,9k-15k,移动互联网 未融资 50-150人,经验1-3年 本科,“福利好升值空间也大”,通信/网络设备 后端 J2EE HTML/CSS HTML5 ,[三牌楼]
上海易宝,java开发工程师,12k-20k,移动互联网 未融资 150-500人,经验3-5年 本科,“java”,J2EE 后端 ,[安德门]
叶子科技,Java开发工程师,12k-22k,电子商务 / /,经验3-5年 本科,“扁平化管理，主流开源技术栈”,新零售 电商 后端 分布式 Java 服务器端 ,[奥体]
南京华翠财务,java开发工程师,6k-12k,企业服务 未融资 150-500人,经验1-3年 本科,“节假日”,后端 ,[宁南]
易宝软件科技（南京）有限公司,Java开发工程师,14k-20k,移动互联网 上市公司 500-2000人,经验3-5年 本科,"“氛围好,技术新,薪酬高”",信息安全 Java ,[安德门]
江苏易途行汽车服务有限公司,java,8k-15k,"通讯电子,软件开发 未融资 50-150人",经验1-3年 本科,“五险一金 节日福利 出国旅游”,汽车 新零售 ,[开发区]
蓝光,Java开发工程师,7k-12k,"文娱丨内容,社交 未融资 15-50人",经验1-3年 本科,“初创公司，可谈股份合作”,教育 工具软件 ,[建邺区]
南京云略软件科技有限公司,java开发工程师,5k-10k,软件开发 未融资 15-50人,经验不限 大专,“五险一金、年假、旅游、生日+三节福利”,移动互联网 软件开发 ,[江宁区]
易宝软件科技（南京）有限公司,java,12k-18k,移动互联网 上市公司 150-500人,经验不限 本科,“双休，加班补助，免费班车，节假日福利”,中间件 分布式 ,[小行]
华为终端,JAVA开发工程师,10k-20k,"移动互联网,其他 不需要融资 2000人以上",经验不限 本科,“平台好，待遇优，场景丰富”,服务器端 分布式 J2EE docker ,[宁南]
联童,Java高级研发,15k-30k,"消费生活,数据服务 天使轮 500-2000人",经验5-10年 大专,“班车 餐补 健身房”,新零售 大数据 ERP Java MySQL Shell ,[秦淮区]
车纷享,java开发工程师（南京）,15k-30k,移动互联网 不需要融资 150-500人,经验5-10年 本科,“五险一金”,后端 ,[开发区]
恩核,高级Java工程师（南京）,15k-20k,"数据服务,移动互联网 不需要融资 50-150人",经验5-10年 本科,“大数据软件公司，十天年假，发展空间大”,Java 数据库 服务器端 后端 ,[鼓楼区]
通联数据,Java开发工程师NJ,15k-25k,金融 不需要融资 500-2000人,经验5-10年 本科,“互联网工作氛围、高薪、上升空间大”,后端 分布式 平台 ,[建邺区]
SHEIN,Java专家 (MJ001289),25k-40k,"电商,移动互联网 C轮 2000人以上",经验不限 本科,“薪资待遇好，平台广阔，独角兽企业”,电商 分布式 中间件 ,[安德门]
SHEIN,Java专家 (MJ001682),25k-40k,"电商,移动互联网 C轮 2000人以上",经验5-10年 本科,“福利待遇好，发展前景广阔，技术氛围浓厚”,电商 后端 Java ,[安德门]
鲸准,JAVA后端开发工程师(J10146),6k-10k,"数据服务,企业服务 D轮及以上 150-500人",经验1-3年 本科,“六险一金 周末双休 工作氛围好”,大数据 金融 Java 后端 ,[玄武区]
南京天溯,java开发工程师（初级）,10k-15k,"移动互联网,硬件 未融资 150-500人",经验1-3年 硕士,“医疗后勤领域开创1+1+1平台化模式”,后端 Java ,[雨花台区]
口袋金融,Java后端主管,20k-25k,"移动互联网,金融 不需要融资 50-150人",经验3-5年 本科,“十四薪”,大数据 移动互联网 后端 架构师 ,[建邺区]
vivo,java（服务器）(007981),25k-50k,硬件 不需要融资 2000人以上,经验3-5年 本科,"“股票期权,精英团队,弹性工作”",移动互联网 ,[雨花台区]
vivo,Java开发工程师（商城）(006474),25k-50k,硬件 不需要融资 2000人以上,经验3-5年 本科,"“股票期权,精英团队,弹性工作”",移动互联网 后端 Java ,[雨花台区]
世代缘大酒店,java技术经理,20k-40k,"电商,消费生活 不需要融资 500-2000人",经验5-10年 本科,“团队大牛较多”,移动互联网 Java ,[江宁区]
南京市爱解答信息科技有限公司,java开发,11k-15k,"移动互联网,消费生活 不需要融资 15-50人",经验3-5年 大专,“五险一金，生日礼金，17天带薪假期”,教育 移动互联网 后端 Java 数据库 ,[奥体]
通服智慧物联科技（南京）有限公司,物联网平台java开发工程师,15k-22k・13薪,"软件开发,物联网 A轮 50-150人",经验3-5年 本科,“五险一金，项目奖金，年终奖金，加班补贴”,电商 大数据 MongoDB Flink Java ,[小行]
南京弟齐信息技术有限公司,Java Web 研发实习生,3k-6k,"移动互联网,社交 天使轮 15-50人",经验应届毕业生 本科,"“团队旅游,创业,五险一金”",企业服务 Java 服务器端 MySQL ,[奥体]
恬家保（江苏）科技有限责任公司,java实习,3k-4k,软件开发、电商 A轮 15-50人,经验不限 不限,“高成长性公司，行业独角兽”,后端 服务器端 全栈 ,[雨花台区]
北大青鸟中博软件学院,高级JAVA讲师,13k-18k,教育 不需要融资 150-500人,经验3-5年 本科,“五险一金、餐饮补贴、专业培训、绩效奖金”,教育 技术管理 ,[安德门]
智杰物联,JAVA开发工程师（中级）,10k-16k,其他 A轮 15-50人,经验3-5年 不限,“期权 晋升空间 未来合伙人”,移动互联网 Java Linux/Unix ,[双龙大道]
普莱贝思,java初级开发工程师,5k-8k,"电商,企业服务 天使轮 15-50人",经验不限 本科,“五险一金齐全，合理薪酬待遇，热情工作氛围”,企业服务 金融 ,[安德门]
字符变量,雨花台区-java工程师,10k-20k・14薪,"电商,广告营销 未融资 2000人以上",经验3-5年 本科,“年底双薪，健身房，零食供应，双休”,Java ,[雨花台区]
诚迈科技,Java开发,10k-20k,移动互联网 上市公司 2000人以上,经验不限 本科,“长期项目发展空间大 技术新 薪资open”,Java ,[安德门]
北京青麦科技,高级java开发,10k-16k,"数据服务,金融 不需要融资 50-150人",经验5-10年 本科,“入职五险一金，此岗位项目经理/技术经理方向”,大数据 银行 Java 全栈 ,[秦淮区]
南京启征,java开发工程师（急招）,6k-12k,"信息安全,数据服务 未融资 50-150人",经验1-3年 本科,"“五险一金,双休,话补,晋升机制”",大数据 后端 Linux/Unix ,[沿江]
南京亚信,java后端开发工程师,10k-20k・15薪,移动互联网 未融资 2000人以上,经验不限 本科,“既有传统的电信行业，又有互联网前沿技术”,Java ,[雨花台区]
苏宁金融,2020苏宁金融 Java 中高级,15k-30k,"电商,金融 上市公司 2000人以上",经验5-10年 本科,“互联网金融独角兽 大平台”,互联网金融 移动互联网 后端 J2EE Java ,[仙林]
亚信,JAVA开发工程师（南京）,8k-13k・13薪,"企业服务,移动互联网 上市公司 2000人以上",经验1-3年 本科,"“五险一金,年底双薪,专业培训,节日福利”",Java 后端 数据库 分布式 ,[安德门]
求贤宝,对日Java开发,7k-12k,软件开发 / /,经验1-3年 不限,“牛人队友，五险一金，节日福利，出国机会”,金融 Java JS J2EE ,[建邺区]
鲸准,高级JAVA开发工程师(J10152),10k-20k,"数据服务,企业服务 D轮及以上 150-500人",经验1-3年 本科,“六险一金 周末双休 工作氛围好 绩效奖金”,大数据 金融 后端 服务器端 软件开发 ,[玄武区]
字符变量,诚聘Java开发工程师（不加班）,10k-20k・13薪,"电商,广告营销 未融资 2000人以上",经验3-5年 大专,“五险一金，年底双薪，奖年终分红，定期体检”,Java ,[雨花台区]
半圆（南京）网络有限公司,Java讲师,20k-40k,"社交,教育 不需要融资 50-150人",经验5-10年 本科,“全新的教育理念，展示你才华的大T台”,教育 J2EE Linux/Unix 服务器端 C ,[仙林]
明略科技集团,Java开发工程师(J11758),12k-20k・15薪,"数据服务,广告营销 D轮及以上 2000人以上",经验3-5年 本科,“更多福利待遇详情HR”,Java ,[雨花台区]
亚信,JAVA开发工程师（南京）,11k-16k,"企业服务,移动互联网 上市公司 2000人以上",经验1-3年 本科,“大牛带队；五险一金；福利假；年度体检；”,Java ,[雨花台区]
卡巴拉汽车,java开发助理,3k-6k,"物联网,汽车丨出行 未融资 15-50人",经验1年以下 不限,“前景好”,移动互联网 通信/网络设备 Python C C++ 后端 ,[江宁区]
易宝软件科技（南京）有限公司,JAVA骨干,14k-24k,移动互联网 上市公司 150-500人,经验3-5年 本科,“五险一金”,Java MySQL ,[雨花台区]
SHEIN,高级java工程师（商城）,15k-30k・13薪,"电商,移动互联网 C轮 2000人以上",经验5-10年 本科,“扁平化管理 发展空间大”,电商 Java ,[雨花台区]
南京上品上生智能科技有限责任公司,java实习生,2k-3k,"电商,教育 不需要融资 50-150人",经验不限 不限,“高成长性企业”,后端 全栈 服务器端 软件开发 ,[雨花台区]
南京亚信,JAVA高级软件工程师,15k-20k,移动互联网 未融资 2000人以上,经验5-10年 本科,“年底双薪 通讯补助 定期体检 五险一金”,全栈 分布式 ,[雨花台区]
易宝软件科技（南京）有限公司,java开发,13k-25k,移动互联网 上市公司 150-500人,经验不限 本科,“舒适办公环境 、活泼可爱90后的小伙伴”,后端 Linux/Unix Javascript HTML/CSS ,[小行]
114票务网,java软件工程师,9k-15k,电商 未融资 50-150人,经验3-5年 不限,“互联网自主研发公司”,旅游 移动互联网 后端 服务器端 分布式 J2EE ,[苜蓿园]
神州信息,java中级工程师,7k-11k,金融 上市公司 2000人以上,经验3-5年 本科,“银行、职位、薪资”,银行 后端 ,[浦口区]
木米数据,java后台开发工程师,11k-18k・13薪,"数据服务,软件开发 不需要融资 15-50人",经验5-10年 本科,“稳定，技术领先，氛围简单，多劳多得”,企业服务 Java docker 后端 MySQL ,[建邺区]
新科电子,java技术经理,18k-25k・13薪,移动互联网 上市公司 150-500人,经验5-10年 本科,“全额社保公积金，双休，双薪”,企业服务 Java ,[鼓楼区]
中博通信,Java开发工程师（央企）,11k-16k,"信息安全,硬件 不需要融资 500-2000人",经验3-5年 本科,“央企 福利佳 双休 学习成长”,电商 物流 J2EE 平台 客户端 中间件 ,[鼓楼区]
释加软件,java技术经理,13k-18k,软件开发 不需要融资 15-50人,经验3-5年 本科,“五险一金、旅游、带薪年假、节日福利”,Java MySQL 全栈 ,[鼓楼区]
大数医达,JAVA后端开发工程师,8k-13k・13薪,移动互联网 B轮 50-150人,经验1-3年 本科,“两餐补贴、年度团建、试用期全薪、足额六险一金”,医疗健康 大数据 Java MySQL 后端 ,[安德门]
神州信息,驻场银行java工程师,10k-15k,金融 上市公司 2000人以上,经验3-5年 不限,“有竞争力薪资待遇”,J2EE Java ,[江浦]
SHEIN,高级JAVA工程师 (MJ001738),15k-30k,"电商,移动互联网 C轮 2000人以上",经验3-5年 本科,“发展空间大”,电商 Java 后端 ,[安德门]
油联天下,JAVA中级工程师,10k-15k,移动互联网 上市公司 15-50人,经验3-5年 本科,“13薪 五险一金 带薪年假 节日福利”,Java Javascript ,[新街口]
油联天下,JAVA高级工程师,15k-20k,移动互联网 上市公司 15-50人,经验5-10年 本科,“13薪 五险一金 带薪年假 节日福利”,Java Javascript 分布式 ,[新街口]
葡萄调查,java高级开发,20k-30k,企业服务 天使轮 少于15人,经验5-10年 本科,"“nginx,rabbitmq，MySQL”",Linux/Unix 分布式 服务器端 后端 ,[栖霞区]
宜通,java全栈工程师,18k-25k,其他 上市公司 500-2000人,经验3-5年 本科,“外企工作氛围”,Java 全栈 ,[开发区]
聚特惠,招聘JAVA工程师,8k-15k,"电商,消费生活 不需要融资 150-500人",经验1-3年 本科,“福利好，发展空间大，办公环境好！双休”,软件开发 Java Javascript ,[江宁区]
云白科技,Java高级软件工程师（南京）,7k-12k,"移动互联网,数据服务 不需要融资 50-150人",经验3-5年 本科,"“人性化管理,发展空间,不加班,长期稳定”",企业服务 工具软件 ERP Java 全栈 数据库 ,[小行]
新智认知,Java开发工程师(J11103),15k-25k,"移动互联网,信息安全 上市公司 500-2000人",经验3-5年 本科,“五险一金、健身房、饭补”,大数据 企业服务 后端 ,[奥体]
智慧银科,Java技术经理兼架构师,25k-40k・14薪,"金融,人工智能 天使轮 15-50人",经验5-10年 本科,“风口行业、前沿科技、人才培养、高收入”,大数据 Java 服务器端 架构师 分布式 ,[仙林]
南京天溯,初级java开发工程师,12k-15k・13薪,"移动互联网,硬件 未融资 150-500人",经验不限 本科,“同事均为985/211学历，氛围好，追求共同进步”,Java ,[安德门]
沃银数据,JAVA高级研发工程师,10k-16k,"金融,数据服务 未融资 15-50人",经验3-5年 本科,“公司发展前景广阔；”,大数据 云计算 后端 服务器端 分布式 中间件 ,[浦口区]
睿帆软件,开发（Java）,6k-10k,软件开发 未融资 15-50人,经验3-5年 大专,“五险一金”,后端 ,[雨花台区]
海隆软件,Java开发工程师（对日）,8k-15k,其他 未融资 500-2000人,经验不限 本科,“发展前景好”,企业服务 软件开发 C#/.NET Java ,[汉中门]
普智锦程,java开发经理,20k-40k・13薪,企业服务 不需要融资 少于15人,经验不限 本科,“团队管理”,电商 Java ,[江宁区]
Onchain,Java技术经理（南京）,20k-30k・15薪,"移动互联网,金融 A轮 50-150人",经验5-10年 硕士,“团队扁平，年轻有活力，新兴行业有挑战”,信息安全 软件开发 区块链 ,[浦口区]
乐檬软件,Java 研发（南京）,8k-15k,"企业服务,消费生活 未融资 50-150人",经验1-3年 本科,“年度旅游 公司氛围好 带薪年假 年终分红”,Java Javascript MySQL ,[建邺区]
华为终端,JAVA/前端开发攻城狮,12k-24k,通讯电子 不需要融资 2000人以上,经验不限 本科,“消费者领域，世界****梯队产品”,企业服务 物流 分布式 Java MySQL Hadoop ,[雨花台区]
有缘云,资深java开发工程师,12k-15k,社交 天使轮 少于15人,经验3-5年 大专,"“弹性工作时间
法定节假日
每月聚餐团建”",社交 Java ,[中央门]
亚信,Java资深研发工程师,15k-24k,"企业服务,移动互联网 上市公司 2000人以上",经验5-10年 本科,“年底双薪+年终奖+弹性工作”,大数据 分布式 平台 docker J2EE ,[雨花台区]
SHEIN,高级Java工程师 (MJ001447),15k-25k,"电商,移动互联网 C轮 2000人以上",经验5-10年 本科,“大牛带队 带薪年假 弹性工时”,Java Golang ,[安德门]
SHEIN,Java专家/技术专家 (MJ001477),25k-40k,"电商,移动互联网 C轮 2000人以上",经验5-10年 本科,“弹性工作、多次晋升调薪、季度评优、福利好”,电商 其他 Java Javascript 数据库 ,[安德门]
嘉晟卓成新能源,【央企直招】JAVA软件开发工程师,13k-25k,"通讯电子,软件开发 不需要融资 150-500人",经验3-5年 本科,“五险一金 技术大咖 发展空间大”,后端 docker Linux/Unix ,[双塘]
特望,JAVA全栈开发,6k-12k,"移动互联网,社交 未融资 150-500人",经验1-3年 大专,“五险一金；”,企业服务 后端 ,[江浦]
南京优玛软件科技有限公司,Java（外包）,8k-10k,移动互联网 未融资 150-500人,经验1-3年 大专,“双休 加班少”,J2EE ,[汉中门]
青颖飞帆软件,Java 开发工程师：,15k-20k,移动互联网 未融资 50-150人,经验应届毕业生 本科,“待遇优厚 弹性工时 扁平管理 学霸带教”,移动互联网 算法 ,[安德门]
盛澜信息,java中高级开发工程师,12k-15k,"软件开发,其他 不需要融资 150-500人",经验3-5年 本科,“五险一金 不加班 技术最新”,大数据 医疗健康 Java ,[江宁区]
vivo,资深java开发工程师,30k-60k,硬件 不需要融资 2000人以上,经验5-10年 本科,“新兴业务，潜力无限，未来充满想象！”,移动互联网 视频 Java 服务器端 分布式 ,[雨花台区]
苏宁易购,java工程师，java高级工程师,16k-28k,"电商,信息安全 上市公司 2000人以上",经验5-10年 本科,“涉及核心交易流程”,电商 Java ,[玄武区]
江苏天鼎证券投资咨询有限公司,中级java开发工程师,15k-30k,金融 不需要融资 150-500人,经验3-5年 本科,“发展空间大”,Java .NET ,[鼓楼区]
南京路天信息技术有限公司,高级java工程师,15k-20k・13薪,"电商,数据服务 天使轮 少于15人",经验5-10年 本科,“期权，互联网公司，技术总监”,Java 数据库 后端 网络优化 ,[建邺区]
武汉佰钧成技术有限责任公司,南京Java工程师,10k-20k,移动互联网 不需要融资 2000人以上,经验3-5年 本科,"“六险一金,朝九晚六,周末双休,免费体检”",电商 ,[雨花台区]
HRSOFT,Java前端工程师,12k-13k,"移动互联网,电商 不需要融资 15-50人",经验1-3年 大专,“发展空间大 主管好 项目机会好”,前端开发 Javascript HTML5 ,[双塘]
微臻,Java Web后端开发实习,2k-3k,"企业服务,数据服务 未融资 50-150人",经验不限 本科,“工作氛围好、年终奖金丰厚、双休、五险一金”,带薪年假 绩效奖金 年度旅游 扁平管理 ,[宁南]
南京润辰科技,高级JAVA工程师,15k-30k,区块链 天使轮 15-50人,经验5-10年 不限,“金融科技 创业成长”,后端 区块链 ,[雨花台区]
江苏云松智汇,Java软件工程师,10k-15k,数据服务 未融资 15-50人,经验3-5年 本科,"“Java,J2EE,HTML5,SQL”",大数据 J2EE JS MySQL Java ,[南师大]
江苏云松智汇,java实习,2k-4k,数据服务 未融资 15-50人,经验应届毕业生 本科,“个人发展空间大、持续增长的个人能力和报酬”,信息安全 大数据 J2EE JS 信息检索 全栈 ,[南师大]
鹏云网络,Java开发工程师（后台方向）,10k-20k,数据服务 B轮 50-150人,经验3-5年 本科,“绩效资金 五险一金 带薪休假”,后端 ,[鼓楼区]
蓝图腾,南京java开发工程师,8k-14k,软件开发 天使轮 15-50人,经验不限 大专,“五险一金，节假日福利，加班调休。”,后端 MySQL Java ,[宁南]
阿里巴巴-新零售技术事业群,java技术专家,20k-40k,电商 上市公司 2000人以上,经验5-10年 本科,“带薪年假，发展前景广阔”,电商 新零售 后端 分布式 架构师 ,[奥体]
麦伦思,Java开发实习生,2k-3k,移动互联网 未融资 50-150人,经验应届毕业生 大专,“Java开发”,移动互联网 后端 ,[秦淮区]
朗坤智慧,Java研发工程师,7k-13k,企业服务 不需要融资 500-2000人,经验1-3年 本科,"“Java,互联网”",Java 服务器端 后端 ,[江宁区]
